60PlusMilfs.16.03.24.Kim.Anh.And.The.Ancient.Practice.Of.Sucking.And.Fucking.XXX.720p.mp4,60PlusMilfs
60PlusMilfs.14.06.12.Kim.Anh.Works.That.Muscle.XXX.720p.mp4,60PlusMilfs
AbbyWinters.19.08.20.Liza.K.And.Tatyana.Intimate.Moments.XXX.1080p.mp4,AbbyWinters
AbbyWinters.19.06.18.Selvaggia.And.Tatyana.Intimate.Moments.XXX.1080p.mp4,AbbyWinters
AGirlKnows.19.09.04.Nikki.Hill.Solo.XXX.1080p.mp4,AGirlKnows
AllGirlMassage.19.06.17.Cadence.Lux.And.Lena.Paul.Whats.She.Got.That.I.Dont.XXX.1080p.mp4,AllGirlMassage
ATKExotics.19.04.22.Tori.Montana.Masturbation.XXX.1080p.mp4,ATKExotics
ATKExotics.19.04.24.Roxane.Lee.Masturbation.XXX.1080p.mp4,ATKExotics
ATKExotics.19.04.25.Roxane.Lee.Toys.XXX.1080p.mp4,ATKExotics
ATKExotics.19.06.13.Saya.Song.Toys.XXX.1080p.mp4,ATKExotics
ATKExotics.19.06.16.Saya.Song.Masturbation.XXX.1080p.mp4,ATKExotics
ATKExotics.19.06.23.Jeni.Angel.Masturbation.XXX.1080p.mp4,ATKExotics
ATKExotics.19.06.25.Jeni.Angel.Toys.XXX.1080p.mp4,ATKExotics
ATKExotics.19.06.27.Scarlit.Scandal.Masturbation.XXX.1080p.mp4,ATKExotics
ATKExotics.19.08.20.Kiarra.Kai.Masturbation.XXX.1080p.mp4,ATKExotics
ATKExotics.19.08.22.Julia.Bloom.Masturbation.XXX.1080p.mp4,ATKExotics
ATKExotics.19.08.26.Kiarra.Kai.Toys.XXX.1080p.mp4,ATKExotics
ATKExotics.19.09.12.Jackie.Rogen.Sex.Machine.XXX.1080p.mp4,ATKExotics
ATKGalleria.19.02.25.Arietta.Adams.Toys.XXX.1080p.mp4,ATKGalleria
ATKGalleria.17.03.16.Katy.Kiss.Masturbation.2.XXX.1080p.MP4-KTR 2.mp4,ATKGalleria
ATKGalleria.17.03.16.Katy.Kiss.Toys.XXX.1080p.MP4-KTR 2.mp4,ATKGalleria
ATKGirlfriends.19.09.01.Mi.Ha.Doan.XXX.1080p.mp4,ATKGirlfriends
ATKHairy.14.01.04.Artemisia.XXX.mp4,ATKHairy
ATKHairy.16.10.14.Mercy.West.Masturbation.XXX.1080p.MP4-KTR 2.mp4,ATKHairy
ATKHairy.17.03.11.Athame.Le.Fey.Masturbation.XXX.1080p.mp4,ATKHairy
ATKHairy.17.03.14.Athame.Le.Fey.Toys.XXX.1080p.mp4,ATKHairy
ATKHairy.18.10.30.Alexandra.Wu.XXX.1080p.mp4,ATKHairy
ATKHairy.19.03.25.Lulu.Sparkle.XXX.1080p.mp4,ATKHairy
ATKHairy.19.05.16.Mercy.West.XXX.1080p.mp4,ATKHairy
ATKHairy.19.05.17.Mercy.West.XXX.1080p.mp4,ATKHairy
ATKHairy.19.05.18.Mercy.West.XXX.1080p.mp4,ATKHairy
ATKHairy.19.06.16.Lulu.Sparkle.XXX.1080p.mp4,ATKHairy
BadDaddyPOV.19.08.23.Harmony.Wonder.Wants.You.To.Jerk.Off.XXX.1080p.mp4,BadDaddyPOV
BadDaddyPOV.17.01.27.Alison.Rey.Massages.Whatever.Pops.Up.XXX.1080p.mp4,BadDaddyPOV
BadDaddyPOV.19.06.20.Dakota.Marr.Naughty.Teen.That.Can.Keep.A.Secret.XXX.1080p.mp4,BadDaddyPOV
BadMilfs.18.04.27.Pepper.Hart.And.Katy.Kiss.XXX.1080p.mp4,BadMilfs
BCM.18.12.27.Destiny.Love.So.Wet.For.That.Big.Black.Cock.XXX.1080p.MP4-KTR-Pornfuscated.mp4,BCM
BCM.19.01.09.Sophia.Grace.Painting.Sophias.Face.With.That.Big.Black.Cock.mp4,BCM
BCM.19.04.12.Samantha.Hayes.Doing.Some.Yoga.On.That.Big.Black.Cock.XXX.1080p.mp4,BCM
BCM.19.05.10.Audrey.Royal.Massaging.That.Big.Black.Cock.With.My.Mouth.XXX.1080p.mp4,BCM
BCM.19.06.13.Nelly.Kent.Dreams.Of.That.Big.Black.Cock.XXX.1080p.mp4,BCM
BCM.19.08.06.Juliette.March.Trespassing.And.Fucking.That.Tight.Little.Pussy.XXX.1080p.mp4,BCM
BCM.19.07.19.After.A.Hard.Day.At.Work.Lena.Paul.Needs.A.Big.Cock.XXX.1080p.mp4,BigButtsLikeItBig
BigButtsLikeItBig.19.07.07.Lena.Paul.Fuck.My.Best.Friend.XXX.1080p.mp4,BigButtsLikeItBig
BigWetButts.19.06.04.Nikki.Delano.Her.Ass.Is.Straight.Fire.XXX.1080p.mp4,BigWetButts
BigWetButts.19.06.06.Lena.Paul.Ass.In.A.Hammock.XXX.1080p.mp4,BigWetButts
bwb.17.12.16.abella.danger.putting.in.work.mp4,BigWetButts
BigWetButts.19.07.24.Abella.Danger.Poolside.Booty.XXX.1080p.mp4,BigWetButts
BLACKED.15.03.27.Kennedy.Kressler.XXX.1080p.MP4-KTR 2.mp4,Blacked
blacked.17.11.26.emma.hix.mp4,Blacked
blacked.17.12.16.kimberly.brix.mp4,Blacked
Blacked.18.12.16.Tori.Black.XXX.1080p.MP4-KTR-Pornfuscated.mp4,Blacked
Blacked.19.01.30.Kenzie.Reeves.XXX.1080p.mp4,Blacked
BlackForWife.19.07.06.Dani.Jensen.Horny.Danis.Booty.Call.XXX.1080p.mp4,BlackForWife
BlackForWife.19.07.20.Gianna.Dior.Giannas.Client.Benfits.XXX.1080p.mp4,BlackForWife
BlackForWife.19.08.03.Emma.Hix.One.More.Week.XXX.1080p.mp4,BlackForWife
BlackForWife.19.08.17.Maya.Kendrick.Mayas.Workout.Pleasure.XXX.1080p.mp4,BlackForWife
BlackForWife.19.08.31.Richelle.Ryan.Cheating.Richelles.Chocolate.Pleasure.XXX.1080p.mp4,BlackForWife
BlackForWife.19.05.30.Karma.RX.Fill.Me.With.Black.Cock.XXX.1080p.mp4,BlackForWife
BlackForWife.19.06.08.Krissy.Lynn.The.Perfect.Date.mp4,BlackForWife
BlackForWife.19.06.15.Britney.Amber.Black.Cock.Pleasures.XXX.1080p.mp4,BlackForWife
BlackPayBack.E04.Bobbi.Dylan.But.Im.Black.XXX.XviD-iPT.avi,BlackPayBack
BlackPayBack.E20.Ariel.Blue.13.Inches.Of.Power.XXX.1080p.mp4,BlackPayBack
BlackPayBack.E21.Della.Dane.Prove.It.XXX.1080p.mp4,BlackPayBack
BlackPayBack.E29.Black.History.Taught.Correctly.XXX.XviD-iPT.avi,BlackPayBack
BlackPayBack.E33.Why.You.Cryin.XXX.1080p.mp4,BlackPayBack
BlacksOnBlondes.12.12.29.Sarah.Jessie.XXX.720p.MP4-KTR 2.mp4,BlacksOnBlondes
BlacksOnBlondes.13.04.28.Jade.Hsu.XXX.720p.mp4,BlacksOnBlondes
BlacksOnBlondes.Part.6.of.7.Pack-DOU-UHQ-U4ALL 10.wmv,BlacksOnBlondes
BlacksOnBlondes.Part.6.of.7.Pack-DOU-UHQ-U4ALL 11.wmv,BlacksOnBlondes
BlacksOnBlondes.Part.6.of.7.Pack-DOU-UHQ-U4ALL 12.wmv,BlacksOnBlondes
BlacksOnBlondes.Part.6.of.7.Pack-DOU-UHQ-U4ALL 13.wmv,BlacksOnBlondes
BlacksOnBlondes.Part.6.of.7.Pack-DOU-UHQ-U4ALL 14.wmv,BlacksOnBlondes
BlacksOnBlondes.Part.6.of.7.Pack-DOU-UHQ-U4ALL 15.wmv,BlacksOnBlondes
BlacksOnBlondes.Part.6.of.7.Pack-DOU-UHQ-U4ALL 16.wmv,BlacksOnBlondes
BlacksOnBlondes.Part.6.of.7.Pack-DOU-UHQ-U4ALL 17.wmv,BlacksOnBlondes
BlacksOnBlondes.Part.6.of.7.Pack-DOU-UHQ-U4ALL 18.wmv,BlacksOnBlondes
BlacksOnBlondes.Part.6.of.7.Pack-DOU-UHQ-U4ALL 19.wmv,BlacksOnBlondes
BlacksOnBlondes.Part.6.of.7.Pack-DOU-UHQ-U4ALL 2.wmv,BlacksOnBlondes
BlacksOnBlondes.Part.6.of.7.Pack-DOU-UHQ-U4ALL 20.wmv,BlacksOnBlondes
BlacksOnBlondes.Part.6.of.7.Pack-DOU-UHQ-U4ALL 21.wmv,BlacksOnBlondes
BlacksOnBlondes.Part.6.of.7.Pack-DOU-UHQ-U4ALL 22.wmv,BlacksOnBlondes
BlacksOnBlondes.Part.6.of.7.Pack-DOU-UHQ-U4ALL 23.wmv,BlacksOnBlondes
BlacksOnBlondes.Part.6.of.7.Pack-DOU-UHQ-U4ALL 24.wmv,BlacksOnBlondes
BlacksOnBlondes.Part.6.of.7.Pack-DOU-UHQ-U4ALL 25.wmv,BlacksOnBlondes
BlacksOnBlondes.Part.6.of.7.Pack-DOU-UHQ-U4ALL 26.wmv,BlacksOnBlondes
BlacksOnBlondes.Part.6.of.7.Pack-DOU-UHQ-U4ALL 27.wmv,BlacksOnBlondes
BlacksOnBlondes.Part.6.of.7.Pack-DOU-UHQ-U4ALL 28.wmv,BlacksOnBlondes
BlacksOnBlondes.Part.6.of.7.Pack-DOU-UHQ-U4ALL 29.wmv,BlacksOnBlondes
BlacksOnBlondes.Part.6.of.7.Pack-DOU-UHQ-U4ALL 3.wmv,BlacksOnBlondes
BlacksOnBlondes.Part.6.of.7.Pack-DOU-UHQ-U4ALL 30.wmv,BlacksOnBlondes
BlacksOnBlondes.Part.6.of.7.Pack-DOU-UHQ-U4ALL 31.wmv,BlacksOnBlondes
BlacksOnBlondes.Part.6.of.7.Pack-DOU-UHQ-U4ALL 32.wmv,BlacksOnBlondes
BlacksOnBlondes.Part.6.of.7.Pack-DOU-UHQ-U4ALL 33.wmv,BlacksOnBlondes
BlacksOnBlondes.Part.6.of.7.Pack-DOU-UHQ-U4ALL 34.wmv,BlacksOnBlondes
BlacksOnBlondes.Part.6.of.7.Pack-DOU-UHQ-U4ALL 35.wmv,BlacksOnBlondes
BlacksOnBlondes.Part.6.of.7.Pack-DOU-UHQ-U4ALL 36.wmv,BlacksOnBlondes
BlacksOnBlondes.Part.6.of.7.Pack-DOU-UHQ-U4ALL 37.wmv,BlacksOnBlondes
BlacksOnBlondes.Part.6.of.7.Pack-DOU-UHQ-U4ALL 38.wmv,BlacksOnBlondes
BlacksOnBlondes.Part.6.of.7.Pack-DOU-UHQ-U4ALL 39.wmv,BlacksOnBlondes
BlacksOnBlondes.Part.6.of.7.Pack-DOU-UHQ-U4ALL 4.wmv,BlacksOnBlondes
BlacksOnBlondes.Part.6.of.7.Pack-DOU-UHQ-U4ALL 40.wmv,BlacksOnBlondes
BlacksOnBlondes.Part.6.of.7.Pack-DOU-UHQ-U4ALL 41.wmv,BlacksOnBlondes
BlacksOnBlondes.Part.6.of.7.Pack-DOU-UHQ-U4ALL 42.wmv,BlacksOnBlondes
BlacksOnBlondes.Part.6.of.7.Pack-DOU-UHQ-U4ALL 43.wmv,BlacksOnBlondes
BlacksOnBlondes.Part.6.of.7.Pack-DOU-UHQ-U4ALL 44.wmv,BlacksOnBlondes
BlacksOnBlondes.Part.6.of.7.Pack-DOU-UHQ-U4ALL 45.wmv,BlacksOnBlondes
BlacksOnBlondes.Part.6.of.7.Pack-DOU-UHQ-U4ALL 46.wmv,BlacksOnBlondes
BlacksOnBlondes.Part.6.of.7.Pack-DOU-UHQ-U4ALL 47.wmv,BlacksOnBlondes
BlacksOnBlondes.Part.6.of.7.Pack-DOU-UHQ-U4ALL 48.wmv,BlacksOnBlondes
BlacksOnBlondes.Part.6.of.7.Pack-DOU-UHQ-U4ALL 49.wmv,BlacksOnBlondes
BlacksOnBlondes.Part.6.of.7.Pack-DOU-UHQ-U4ALL 5.wmv,BlacksOnBlondes
BlacksOnBlondes.Part.6.of.7.Pack-DOU-UHQ-U4ALL 50.wmv,BlacksOnBlondes
BlacksOnBlondes.Part.6.of.7.Pack-DOU-UHQ-U4ALL 51.wmv,BlacksOnBlondes
BlacksOnBlondes.Part.6.of.7.Pack-DOU-UHQ-U4ALL 52.wmv,BlacksOnBlondes
BlacksOnBlondes.Part.6.of.7.Pack-DOU-UHQ-U4ALL 53.wmv,BlacksOnBlondes
BlacksOnBlondes.Part.6.of.7.Pack-DOU-UHQ-U4ALL 54.wmv,BlacksOnBlondes
BlacksOnBlondes.Part.6.of.7.Pack-DOU-UHQ-U4ALL 55.wmv,BlacksOnBlondes
BlacksOnBlondes.Part.6.of.7.Pack-DOU-UHQ-U4ALL 6.wmv,BlacksOnBlondes
BlacksOnBlondes.Part.6.of.7.Pack-DOU-UHQ-U4ALL 7.wmv,BlacksOnBlondes
BlacksOnBlondes.Part.6.of.7.Pack-DOU-UHQ-U4ALL 8.wmv,BlacksOnBlondes
BlacksOnBlondes.Part.6.of.7.Pack-DOU-UHQ-U4ALL 9.wmv,BlacksOnBlondes
BlacksOnBlondes.Part.6.of.7.wmv,BlacksOnBlondes
blacksonblondes lara brookes.mp4,BlacksOnBlondes
blacksonblondes.17.10.24.giselle.palmer.mp4,BlacksOnBlondes
blacksonblondes.17.10.31.riley.reid.and.melissa.moore.mp4,BlacksOnBlondes
blacksonblondes.17.11.07.chloe.scott.mp4,BlacksOnBlondes
blacksonblondes.17.11.21.quinn.wilde.mp4,BlacksOnBlondes
BlacksOnBlondes.19.01.01.Addison.Lee.XXX.1080p.mp4,BlacksOnBlondes
BlacksOnBlondes.19.01.08.Melody.Parker.And.River.Fox.mp4,BlacksOnBlondes
BlacksOnBlondes.19.01.15.Lexi.Lore.XXX.1080p.mp4,BlacksOnBlondes
BlacksOnBlondes.19.01.29.Jane.Wilde.XXX.1080p.mp4,BlacksOnBlondes
BlacksOnBlondes.19.02.05.April.Aniston.XXX.1080p.mp4,BlacksOnBlondes
BlacksOnBlondes.19.02.26.Valentina.Nappi.And.Chanell.Heart..mp4,BlacksOnBlondes
BlacksOnBlondes.19.08.13.Bunny.Colby.XXX.1080p.mp4,BlacksOnBlondes
BlacksOnBlondes.17.01.31.Piper.Perri.XXX.1080p.mp4,BlacksOnBlondes
Blacksonblondes.17.08.15.Piper.Perri.XXX.1080p.mp4,BlacksOnBlondes
blacksonblondes.17.12.12.abella.danger.mp4,BlacksOnBlondes
BlacksOnBlondes.18.12.25.Abella.Danger.XXX.1080p.MP4-KTR-Pornfuscated.mp4,BlacksOnBlondes
BlacksOnBlondes.19.03.05.Alex.Blake.XXX.XviD-iPT.avi,BlacksOnBlondes
BlacksOnBlondes.18.08.07.Pristine.Edge.XXX.1080p.mp4,BlacksOnBlondes
BlacksOnBlondes.18.08.28.Dakota.Skye.XXX.1080p.mp4,BlacksOnBlondes
BlacksOnBlondes.18.09.04.Lilly.Ford.XXX.1080p.mp4,BlacksOnBlondes
BlacksOnBlondes.18.12.04.Sienna.Day.XXX.1080p.mp4,BlacksOnBlondes
BlacksOnBlondes.18.12.18.Candice.Dare.XXX.1080p.mp4,BlacksOnBlondes
BlacksOnBlondes.19.02.19.Anny.Aurora.XXX.1080p.mp4,BlacksOnBlondes
BlacksOnBlondes.18.11.13.Gina.Gerson.XXX.1080p.mp4,BlacksOnBlondes
BlacksOnBlondes.18.11.20.Amber.Deen.XXX.1080p.mp4,BlacksOnBlondes
BlacksOnBlondes.19.02.12.Melissa.Lynn.XXX.1080p.mp4,BlacksOnBlondes
BlacksOnBlondes.18.11.06.Cathy.Heaven.XXX.1080p.mp4,BlacksOnBlondes
BlacksOnBlondes.18.09.11.Jessica.Rex.XXX.1080p.mp4,BlacksOnBlondes
BlacksOnBlondes.14.03.09.Kierra.Wilde.XXX.720p.MP4-KTR 2.mp4,BlacksOnBlondes
BlacksOnBlondes.18.10.30.Candy.Alexa.XXX.1080p.mp4,BlacksOnBlondes
BlacksOnBlondes.18.11.27.Tina.Kay.XXX.1080p.mp4,BlacksOnBlondes
BlacksOnBlondes.14.10.14.Miley.May.XXX.1080p.MP4-KTR 2.mp4,BlacksOnBlondes
BlacksOnBlondes.18.10.02.Pepper.Hart.XXX.XviD-iPT.avi,BlacksOnBlondes
BlacksOnBlondes.19.03.05.Alex.Blake.XXX.XviD-iPT.avi,BlacksOnBlondes
BlacksOnBlondes.19.03.19.Nina.Elle.XXX.XviD-iPT.avi,BlacksOnBlondes
BlacksOnBlondes.19.03.26.Anissa.Kate.XXX.XviD-iPT.avi,BlacksOnBlondes
BlacksOnBlondes.19.04.02.Sadie.Holmes.XXX.XviD-iPT.avi,BlacksOnBlondes
BlacksOnCougars.13.07.17.Dee.Siren.XXX.720p.MP4-KTR 2.mp4,BlacksOnCougars
BlacksOnCougars.18.02.20.Erica.Lauren.XXX.XviD-iPT.avi,BlacksOnCougars
BlacksOnCougars.19.02.20.India.Summer.XXX.1080p.mp4,BlacksOnCougars
BrazzersExxtra.19.08.21.Abella.Danger.Desert.Desires.XXX.1080p.mp4,BrazzersExxtra
BrothaLovers.19.07.05.Jenna.Marie.XXX.1080p.mp4,BrothaLovers
BrothaLovers.19.08.20.Kate.England.XXX.1080p.mp4,BrothaLovers
brothalovers.17.12.20.abbey.rain.mp4,BrothaLovers
BrothaLovers.18.12.21.Alex.Harper.XXX.1080p.MP4-KTR-Pornfuscated.mp4,BrothaLovers
BrothaLovers.18.12.31.Abbey.Rain.XXX.1080p.MP4-KTR-Pornfuscated.mp4,BrothaLovers
BrothaLovers.19.01.10.Kagney.Linn.Karter.avi,BrothaLovers
BrothaLovers.19.01.21.Anastasia.Knight.XXX.1080p.mp4,BrothaLovers
BrothaLovers.19.01.31.Chloe.Chaos.XXX.1080p.mp4,BrothaLovers
BrothaLovers.19.03.14.Valerie.White.XXX.1080p.mp4,BrothaLovers
BrothaLovers.19.04.11.Jenna.Marie.Interracial.Pregnancy.XXX.1080p.mp4,BrothaLovers
BrothaLovers.19.05.31.Sophia.Leone.XXX.1080p.mp4,BrothaLovers
BrothaLovers.19.06.27.Emily.Austin.XXX.1080p.mp4,BrothaLovers
BrothaLovers.19.09.23.Khloe.Kapri.XXX.1080p.mp4,BrothaLovers
Gabi.Gold-Brutal.Sessions-brutalsessions.19.07.mp4,BrutalSessions
BrutalSessions.19.09.30.Charlotte.Sartre.XXX.720p.mp4,BrutalSessions
ClubSandy.15.12.13.Annie.Cruz.Anal.Asian.Babe.XXX.1080p.MP4-KTR 2.mp4,ClubSandy
Cum4K.19.06.18.Natalia.Nix.Jizz.Filled.XXX.1080p.mp4,Cum4K
Cum4K.19.10.01.Harmony.Wonder.Wonderful.Creampies.XXX.1080p.mp4,Cum4K
Cum4K.19.09.24.Lana.Sharapova.Repeated.Loads.XXX.1080p.mp4,Cum4K
DeepThroatSirens.14.07.16.Lyla.Storm.XXX.1080p.mp4,DeepThroatSirens
DeepThroatSirens.18.03.19.Lydia.Black.XXX.1080p.mp4,DeepThroatSirens
DeepThroatSirens.15.09.16.Kierra.Wilde.XXX.1080p.mp4,DeepThroatSirens
DeepThroatSirens.17.10.06.Kierra.Wilde.XXX.1080p.mp4,DeepThroatSirens
DeviantHardcore.E75.Skin.Diamond.XXX.1080p.mp4,DeviantHardcore
DeviantHardcore.16.02.04.Aiden.Starr.And.Annie.Cruz.XXX.XviD-iPT.avi,DeviantHardcore
DeviantHardcore.16.05.19.Abigail.Mac.And.Annie.Cruz.XXX.XviD-iPT.avi,DeviantHardcore
DeviantHardcore.16.07.07.Annie.Cruz.XXX.XviD-iPT.avi,DeviantHardcore
ElectroSluts.16.05.12.Bella.Rossi.And.Katy.Kiss.XXX.720p.MP4-KTR 2.mp4,ElectroSluts
ElectroSluts.13.03.08.Aiden.Starr.And.Amber.Rayne.XXX.720p.MP4-KTR 2.mp4,ElectroSluts
0327192355  EroMe (1).mp4,EroMe
0327192355  EroMe.mp4,EroMe
0513191900  EroMe (1).mp4,EroMe
0513191900  EroMe.mp4,EroMe
0520192231  EroMe (1).mp4,EroMe
0520192231  EroMe (10).mp4,EroMe
0520192231  EroMe (11).mp4,EroMe
0520192231  EroMe (2).mp4,EroMe
0520192231  EroMe (3).mp4,EroMe
0520192231  EroMe (4).mp4,EroMe
0520192231  EroMe (5).mp4,EroMe
0520192231  EroMe (6).mp4,EroMe
0520192231  EroMe (7).mp4,EroMe
0520192231  EroMe (8).mp4,EroMe
0520192231  EroMe (9).mp4,EroMe
0520192231  EroMe.mp4,EroMe
EverythingButt.13.08.06.Amber.Rayne.And.Kristina.Rose.XXX.720p.MP4-KTR 2.mp4,EverythingButt
EverythingButt.13.09.17.Dana.Dearmond.And.Lyla.Storm.XXX.720p.mp4,EverythingButt
EverythingButt.14.01.28.Isis.Love.Lyla.Storm.And.Cameron.Canada.XXX.720p.MP4-KTR 2.mp4,EverythingButt
EverythingButt.14.05.27.Lyla.Storm.And.Mandy.Muse.XXX.720p.MP4-KTR 2.mp4,EverythingButt
EverythingButt.16.04.26.Ariel.X.And.Angel.Allwood.XXX.720p.MP4-KTR 2.mp4,EverythingButt
EverythingButt.16.07.12.Ariel.X.Mia.Li.And.Riley.Jenner.XXX.720p.mp4,EverythingButt
EverythingButt.16.07.26.Stella.Cox.And.Ariel.X.XXX.720p.mp4,EverythingButt
EverythingButt.16.12.30.Gabriella.Paltrova.Ryan.Riesling.And.Ariel.X.XXX.720p.mp4,EverythingButt
Everythingbutt.17.10.20.Lea.Lexis.Jenna.Foxx.and.Annie.Cruz.XXX.720p.mp4,EverythingButt
EverythingButt.18.05.04.Ariel.X.And.Maya.Kendrick.XXX.720p.mp4,EverythingButt
EverythingButt.13.07.09.Amber.Rayne.And.Lyla.Storm.XXX.720p.MP4-KTR 2.mp4,EverythingButt
EverythingButt.13.12.17.Amber.Rayne.And.Zoey.Portland.XXX.720p.mp4,EverythingButt
Everythingbutt.17.10.20.Lea.Lexis.Jenna.Foxx.and.Annie.Cruz.XXX.720p.mp4,EverythingButt
EverythingButt.18.04.06.Savannah.Fox.London.River.And.Penny.Barber.XXX.720p.mp4,EverythingButt
EverythingButt.18.11.30.Chloe.Cherry.Jane.Wilde.And.Norah.Nova.XXX.720p.MP4-KTR-Pornfuscated.mp4,EverythingButt
EverythingButt.19.01.11.Penny.Pax.And.Skylar.Snow.mp4,EverythingButt
EverythingButt.19.01.25.Velvet.Gloves.A.Fisting.Compilation.XXX.720p.mp4,EverythingButt
EverythingButt.19.02.08.Anna.De.Ville.And.Chloe.Cherry.XXX.720p.mp4,EverythingButt
EverythingButt.19.02.22.London.River.And.Dana.Dearmond.XXX.720p.mp4,EverythingButt
Everything Butt-2017-10-20 Lea Lexis & Jenna Foxx & Annie Cruz.mp4,EverythingButt
Everything Butt-2017-11-03 Leya Falcon & Ariel X.mp4,EverythingButt
Everything Butt-2017-11-17 Ella Nova & Savannah Fox.mp4,EverythingButt
Everything Butt-2017-12-01 Amber Ivy & Daisy Ducati.mp4,EverythingButt
Everything Butt-2017-12-15 Lily Lane & Missy Martinez.mp4,EverythingButt
Everything Butt-2018-11-16 Penny Pax & Kendra & Spade & Chanel Preston.mp4,EverythingButt
EverythingButt.18.12.14.Ivy.Lebelle.Dana.Dearmond.And.Maddy.Oreilly.XXX.720p.MP4-KTR-Pornfuscated.mp4,EverythingButt
EverythingButt.18.12.28.Casey.Calvert.And.Jenna.Sativa.XXX.720p.MP4-KTR-Pornfuscated.mp4,EverythingButt
EvilAngel.19.06.30.Kenzie.Taylor.Interracial.Anal.XXX.1080p.mp4,EvilAngel
EvilAngel.19.07.13.Kianna.Dior.Big-Boob.Asian.MILF.Cumslut.03.XXX.1080p.mp4,EvilAngel
EvilAngel.19.07.17.Kianna.Dior.Big-Boob.Asian.MILF.Cumslut.07.XXX.1080p.mp4,EvilAngel
EvilAngel.19.07.20.Kianna.Dior.Big-Boob.Asian.MILF.Cumslut.10.XXX.1080p.mp4,EvilAngel
EvilAngel.19.07.21.Kianna.Dior.Big-Boob.Asian.MILF.Cumslut.11.XXX.1080p.mp4,EvilAngel
EvilAngel.19.08.03.Kianna.Dior.And.Bridgette.B.Lesbian.Threesome.XXX.2160p.MP4-KTR.mp4,EvilAngel
EvilAngel.19.07.23.Abella.Danger.First.Class.Anal.XXX.1080p.mp4,EvilAngel
EvolvedFights.18.10.22.Ariel.X.And.Cheyenne.Jewel.XXX.1080p.mp4,EvolvedFights
EvolvedFights.18.08.17.Kelli.Provocateur.XXX.1080p.mp4,EvolvedFights
EvolvedFights.18.10.31.Jenevieve.Hexxx.And.Johnny.Starlight.XXX.1080p.mp4,EvolvedFights
EvolvedFights.18.12.25.Daisy.Ducati.And.Gabriella.Paltrova.XXX.1080p.mp4,EvolvedFights
EvolvedFights.19.02.15.Kelli.Provocateur.XXX.1080p.mp4,EvolvedFights
EvolvedFights.19.02.22.Julie.Rocket.XXX.1080p.mp4,EvolvedFights
EvolvedFights.19.03.01.Mia.Little.XXX.1080p.mp4,EvolvedFights
EvolvedFights.19.03.08.Lydia.Black.XXX.1080p.mp4,EvolvedFights
EvolvedFightsLez.19.02.08.Ariel.X.And.Bella.Rossi.XXX.1080p.mp4,EvolvedFightsLez
EvolvedFightsLez.19.02.22.Alexa.Nova.And.Ariel.X.XXX.1080p.mp4,EvolvedFightsLez
Exotic4K.19.04.02.Aaliyah.Hadid.Aaliyah.Analed.XXX.1080p.mp4,Exotic4K
Exotic4K.19.08.30.Jada.Doll.Sexy.Doll.XXX.1080p.mp4,Exotic4K
Hestia.May.3.Engage.Safety.Squints-FaceFucking-FacialAbuse-Episode.mp4,FacialAbuse
Tia.Ling-Facial.mp4,FacialAbuse
19.And.Abused-FaceFucking-FacialAbuse-Episode.mp4,FacialAbuse
Brianna.Stars.2.(Big.Fat.Mom.Titties)-FaceFucking-FacialAbuse.(17.10.21)-Episode.mp4,FacialAbuse
Floppy.Titted.Hippy-FaceFucking-FacialAbuse-17.09.02-Episode.mp4,FacialAbuse
Jezebeth.3.(Safe.House)-FaceFucking-FacialAbuse-Episode.mp4,FacialAbuse
Lexi.Grey.Bashful.Cocksucker-FaceFucking-FacialAbuse-Episode.mp4,FacialAbuse
Tornado.Alley-FaceFucking-FacialAbuse-Episode.mp4,FacialAbuse
FiLFExtra.E142.Lexi.Lore.Daddys.Little.Anal.Whore.XXX.720p.mp4,FiLFExtra
Fitting-Room.19.06.28.Abella.Danger.Stockings.And.Butt.XXX.1080p.mp4,Fitting-Room
FreakMobMedia.19.04.06.Jackie.Ohh.Sloppy.Blowjob.XXX.1080p.mp4,FreakMobMedia
FreakMobMedia.19.04.10.BBC.Drills.Alycia.Starrs.Huge.Booty.XXX.1080p.mp4,FreakMobMedia
FreakMobMedia.19.07.21.Naudi.Nala.Dont.Let.The.Glasses.Fool.You.XXX.1080p.mp4,FreakMobMedia
FreakMobMedia.19.07.29.Zoey.Reyes.Swallowed.The.Nut.XXX.1080p.mp4,FreakMobMedia
FreakMobMedia.19.09.11.Jezebeth.Big.Arab.Booty.XXX.1080p.mp4,FreakMobMedia
FuckingMachines.19.07.17.Cadence.Lux.XXX.720p.mp4,FuckingMachines
FuckingMachines.18.10.10.Rose.Darling.XXX.720p.mp4,FuckingMachines
FuckingMachines.18.11.21.Kate.Kennedy.XXX.720p.MP4-KTR-Pornfuscated.mp4,FuckingMachines
FuckingMachines.19.01.02.Kenzi.Ryans.XXX.720p.MP4-KTR-Pornfuscated.mp4,FuckingMachines
FuckingMachines.19.01.16.Lilly.Lit.XXX.720p.mp4,FuckingMachines
FuckingMachines.19.01.30.Charlotte.Sartre.XXX.720p.mp4,FuckingMachines
FuckingMachines.19.02.13.Avi.Love.XXX.720p.mp4,FuckingMachines
FuckingMachines.19.03.13.Serena.Blair.XXX.720p.mp4,FuckingMachines
FuckingMachines.19.03.27.Arielle.Aquinas.XXX.720p.mp4,FuckingMachines
FuckingMachines.19.04.24.Lauren.Phillips.XXX.720p.mp4,FuckingMachines
FuckingMachines.19.05.08.Cherie.Deville.XXX.720p.mp4,FuckingMachines
FuckingMachines.19.05.22.Lily.Labeau.XXX.720p.mp4,FuckingMachines
FuckingMachines.19.06.05.Katya.Rodriguez.XXX.720p.mp4,FuckingMachines
FuckingMachines.19.06.19.Nikki.Peach.XXX.720p.mp4,FuckingMachines
FuckingMachines.19.07.03.Scarlett.Bloom.XXX.720p.mp4,FuckingMachines
FuckingMachines.19.08.14.Lilly.Bell.XXX.720p.mp4,FuckingMachines
fum.14.12.25.cici.rhodes.syren.de.mer.lotus.lain.alura.jenson.and.halle.von.mp4,FuckingMachines
Fucking Machines-0000-00-00 Annie Cruz & Flower Tucci.wmv,FuckingMachines
Fucking Machines-0000-00-00 Annie Cruz.mp4,FuckingMachines
Fucking Machines-2015-08-05 Annie Cruz.mp4,FuckingMachines
Fucking Machines-2017-10-11 Leigh Raven.mp4,FuckingMachines
Fucking Machines-2017-10-25 Serena Blair.mp4,FuckingMachines
Fucking Machines-2017-11-08 Cherry Torn.mp4,FuckingMachines
FuckingMachines.18.12.19.Danni.Rivers.XXX.720p.MP4-KTR-Pornfuscated.mp4,FuckingMachines
FuckingMachines.19.02.27.Rocky.Emerson.XXX.XviD-iPT.avi,FuckingMachines
FuckingMachines.15.08.05.Annie.Cruz.XXX.720p.mp4,FuckingMachines
FuckingMachines.19.09.11.Emma.Hix.XXX.720p.mp4,FuckingMachines
Ashlynn.Sixxx.2-Ghetto.Gaggers-ghettogaggers-Episode.mp4,GhettoGaggers
Destinee.Jackson.3-Ghetto.mp4,GhettoGaggers
Destinee.Jackson.3-Ghetto.mp4,GhettoGaggers
Ivy.Young-Ghetto.mp4,GhettoGaggers
Mint-Ghetto.Gaggers-ghettogaggers-Episode.mp4,GhettoGaggers
Halle.Hayes.Sodomized.Black.Queen-GhettoGaggers-Episode.mp4,GhettoGaggers
GingerPatch.18.12.11.Arietta.Adams.An.Asstounding.Introduction.XXX.1080p.mp4,GingerPatch
GingerPatch.18.04.10.Katy.Kiss.XXX.1080p.mp4,GingerPatch
GirlCum.19.09.14.Lulu.Chu.Asian.Persuasion.XXX.1080p.mp4,GirlCum
GirlsGonePink.18.12.03.Madison.Mia.And.Jade.Nile.Scarlet.Pussy.XXX.1080p.mp4,GirlsGonePink
GirlsOutWest.19.04.23.Nina.Sweet.Dreamer.XXX.1080p.mp4,GirlsOutWest
GirlsOutWest.19.04.24.Casey.Diamond.Dancer.XXX.2160p.mp4,GirlsOutWest
GirlsOutWest.19.05.15.Ivory.Mae.All.Aboard.XXX.1080p.mp4,GirlsOutWest
GirlsOutWest.19.06.10.Ivory.Mae.My.Perfect.Fit.XXX.1080p.mp4,GirlsOutWest
GirlsOutWest.19.06.11.Pippy.The.Spread.XXX.1080p.mp4,GirlsOutWest
GirlsOutWest.19.06.12.Billie.Flora.XXX.1080p.mp4,GirlsOutWest
GirlsOutWest.19.06.14.Leila.Posthaste.XXX.1080p.mp4,GirlsOutWest
GirlsOutWest.19.06.16.Blake.Wilde.And.Kit.Bauer.Rapture.XXX.1080p.mp4,GirlsOutWest
GirlsOutWest.19.06.18.Blake.Wilde.Shine.XXX.1080p.mp4,GirlsOutWest
GirlsOutWest.19.06.19.Billie.Flow.XXX.1080p.mp4,GirlsOutWest
GirlsOutWest.19.06.23.Ivory.Mae.Luci.Q.And.Marina.Spy.Squad.Part.2.XXX.1080p.mp4,GirlsOutWest
GirlsOutWest.19.08.19.Anna.Thorn.But.Lust.XXX.1080p.mp4,GirlsOutWest
GirlsOutWest.19.08.25.Dodi.Pussy.Parlour.XXX.1080p.mp4,GirlsOutWest
GirlsTryAnal.19.08.25.Kira.Noir.And.Jade.Baker.Just.Like.Her.Boyfriend.Used.To.XXX.1080p.mp4,GirlsTryAnal
GirlsTryAnal.19.09.29.Lena.Paul.Jane.Wilde.And.Gia.Derza.Bullys.Just.Desserts.XXX.1080p.mp4,GirlsTryAnal
GloryHole.18.12.31.Melody.Parker.XXX.1080p.mp4,GloryHole
GloryHole.19.01.28.Danielle.Derek.XXX.1080p.mp4,GloryHole
GloryHole.19.02.11.Daisy.Stone.XXX.1080p.mp4,GloryHole
GloryHole.19.03.25.Syren.De.Mer.XXX.1080p.mp4,GloryHole
GloryHole.19.04.08.Adria.Rae.XXX.1080p.mp4,GloryHole
GloryHole.19.04.29.Elle.Voneva.XXX.1080p.mp4,GloryHole
GloryHole.19.05.20.Natasha.Nice.XXX.1080p.mp4,GloryHole
GloryHole.19.06.10.Sara.Jay.XXX.1080p.mp4,GloryHole
GloryHole.19.06.24.Lexi.Lore.And.Natalia.Queen.XXX.1080p.mp4,GloryHole
GloryHole.19.07.08.Whitney.Wright.XXX.1080p.mp4,GloryHole
GloryHole.19.07.22.Victoria.Voxxx.XXX.1080p.mp4,GloryHole
GloryHole.19.08.05.Honey.Blossom.XXX.1080p.mp4,GloryHole
GloryHole.19.08.19.Isabella.Nice.XXX.1080p.mp4,GloryHole
GloryHole.19.09.02.Rharri.Rhound.XXX.1080p.mp4,GloryHole
Gloryhole.Piper.Perri.and.Sierra.Nicole.17.08.14.XXX.1080p.mp4,GloryHole
GloryHole-Initiations.19.09.22.Jeni.Angel.XXX.1080p.mp4,GloryHole
GloryHole.19.09.30.Riley.Star.XXX.1080p.mp4,GloryHole
GloryHole-Initiations.13.02.11.Ana.Foxxx.XXX.720p.mp4,GloryHole-Initiations
GloryHole-Initiations.14.06.06.Jezabel.Vessir.XXX.720p.MP4-KTR 2.mp4,GloryHole-Initiations
GloryHole-Initiations.15.07.05.Lisa.Tiffian.XXX.1080p.MP4-KTR 2.mp4,GloryHole-Initiations
GloryHole-Initiations.17.10.22.Daizy.Cooper.And.Noemie.Bilas.XXX.XviD-iPT.avi,GloryHole-Initiations
HerLimit.19.05.17.Freya.Dee.XXX.1080p.mp4,HerLimit
HerLimit.19.06.28.Valentina.Bianco.XXX.1080p.mp4,HerLimit
HerLimit.19.08.08.Sasha.Sparrow.XXX.1080p.mp4,HerLimit
HerLimit.19.01.18.Lola.Fae.XXX.1080p.mp4,HerLimit
HerLimit.19.02.01.Jureka.Del.Mar.XXX.1080p.mp4,HerLimit
HerLimit.19.08.30.Cherry.Kiss.XXX.1080p.mp4,HerLimit
HerLimit.19.09.20.Nelly.Kent.XXX.1080p.mp4,HerLimit
HerLimit.19.09.27.Alyssa.Reece.XXX.1080p.mp4,HerLimit
HogTied.16.03.24.Katy.Kiss.XXX.720p.MP4-KTR.mp4,HogTied
HogTied.19.01.31.Abella.Danger.XXX.720p.mp4,HogTied
HogTied.19.03.14.Lily.Lane.XXX.720p.mp4,HogTied
HornyDreamBabeZ.18.06.02.Ronja.R.Redhead.Witch.Fucked.Hard.XXX.1080p.mp4,HornyDreamBabeZ
HouseOfTaboo.19.08.06.Angel.Wicky.And.Frida.Sante.Busty.Teacher.Punishes.Schoolgirl.XXX.1080p.mp4,HouseOfTaboo
HunterPOV.19.08.25.Vanessa.Sweet.CZECH.XXX.1080p.mp4,HunterPOV
HunterPOV.19.08.26.Chloe.Lamour.CZECH.XXX.1080p.mp4,HunterPOV
HushPass.19.07.08.Lexi.Swallow.XXX.1080p.mp4,HushPass
HushPass.19.08.19.Katie.Angel.XXX.1080p.mp4,HushPass
HushPass.19.08.26.Jordan.XXX.1080p.mp4,HushPass
InterracialPass.19.07.05.Kendra.Secrets.XXX.1080p.mp4,HushPass
InterracialPass.19.07.19.Abigail.Peach.XXX.1080p.MP4-KTR.mp4,HushPass
InterracialPass.19.07.31.Sophie.XXX.1080p.mp4,HushPass
InterracialPass.19.08.07.Rachel.Rose.XXX.1080p.mp4,HushPass
InterracialPass.19.08.21.Lisa.Demarco.XXX.1080p.mp4,HushPass
InterracialPass.19.09.02.Cindy.Crawford.XXX.1080p.mp4,HushPass
InterracialPass.19.03.13.Penny.XXX.1080p.mp4,HushPass
InterracialPass.19.03.20.Rayveness.XXX.1080p.mp4,HushPass
HushPass.19.09.27.Mika.XXX.1080p.mp4,HushPass
HussiePass.19.01.18.Jackie.Ohh.First.Interracial.Fucking.XXX.1080p.mp4,HussiePass
Hustler.19.02.17.Annie.Cruz.And.Marica.Hase.XXX.1080p.mp4,Hustler
IAmateursXXX.19.03.01.Aria.Khaide.BBC.XXX.1080p.mp4,IAmateursXXX
IAmateursXXX.19.03.09.Lalola.Klits.XXX.720p.mp4,IAmateursXXX
IAmateursXXX.19.03.15.Jennas.Gang.Bang.XXX.720p.mp4,IAmateursXXX
IAmateursXXX.19.03.22.Lyla.Big.Butt.Anal.Adventure.XXX.720p.mp4,IAmateursXXX
IAmateursXXX.19.04.10.Vicki.Verona.XXX.720p.mp4,IAmateursXXX
IAmateursXXX.19.04.17.Veda.XXX.720p.mp4,IAmateursXXX
01.06.2019-Ifeelmyself-fairyland 1 by Ana_B.mp4,Ifeelmyself
02.06.2019-Ifeelmyself-take control 1 by Selina_C.mp4,Ifeelmyself
03.06.2019-Ifeelmyself-5th date 1 by Vanessa_T.mp4,Ifeelmyself
04.06.2019-Ifeelmyself-consensualities 2 by Jesse_G.mp4,Ifeelmyself
05.06.2019-Ifeelmyself-grace up close 1 by Grace_D.mp4,Ifeelmyself
06.06.2019-Ifeelmyself-mew video diary 2.3 by Mew.mp4,Ifeelmyself
07.06.2019-Ifeelmyself-double tap 2 by Natascha_B.mp4,Ifeelmyself
08.06.2019-Ifeelmyself-fairyland 2 by Ana_B.mp4,Ifeelmyself
09.06.2019-Ifeelmyself-heiress 1 by Jade_B.mp4,Ifeelmyself
10.06.2019-Ifeelmyself-coachella 2 by Kali_M.mp4,Ifeelmyself
11.06.2019-Ifeelmyself-consensualities Interview by Jesse_G.mp4,Ifeelmyself
11.06.2019-Ifeelmyself-maya up close 1 by Maya_J.mp4,Ifeelmyself
12.06.2019-Ifeelmyself-roaming gaze by Minka_G.mp4,Ifeelmyself
13.06.2019-Ifeelmyself-catherine video diary 2.8 by Catherine .mp4,Ifeelmyself
14.06.2019-Ifeelmyself-take control 2 by Selina_C.mp4,Ifeelmyself
15.06.2019-Ifeelmyself-hot to trot 1 by Alice_R.mp4,Ifeelmyself
16.06.2019-Ifeelmyself-synesthesia 1 by Molly_F.mp4,Ifeelmyself
17.06.2019-Ifeelmyself-5th date 2 by Vanessa_T.mp4,Ifeelmyself
18.06.2019-Ifeelmyself-smolder 1 by Samara_L.mp4,Ifeelmyself
19.06.2019-Ifeelmyself-grace up close 2 by Grace_D.mp4,Ifeelmyself
20.06.2019-Ifeelmyself-ruvada video diary 6 by Ruvada.mp4,Ifeelmyself
21.06.2019-Ifeelmyself-heiress 2 by Jade_B.mp4,Ifeelmyself
22.06.2019-Ifeelmyself-hot to trot 2 by Alice_R.mp4,Ifeelmyself
23.06.2019-Ifeelmyself-stealing beauty 1 by Amber_Leigh.mp4,Ifeelmyself
24.06.2019-Ifeelmyself-contrapposta 1 by Joyy.mp4,Ifeelmyself
25.06.2019-Ifeelmyself-maya up close 2 by Maya_J.mp4,Ifeelmyself
26.06.2019-Ifeelmyself-good taste 3 by Kash.mp4,Ifeelmyself
27.06.2019-Ifeelmyself-ellie video diary 7 by Ellie_K.mp4,Ifeelmyself
29.06.2019-Ifeelmyself-sweet solitude by Viva.mp4,Ifeelmyself
30.06.2019-Ifeelmyself-alumna 1 by Dandy.mp4,Ifeelmyself
28.06.2019-synesthesia 2 by Molly_F.mp4,Ifeelmyself
IKnowThatGirl.19.09.30.Abella.Danger.Cheating.Pass.XXX.1080p.mp4,IKnowThatGirl
InfernalRestraints.15.03.17.Dia.Zerva.XXX.720p.mp4,InfernalRestraints
InfernalRestraints.15.03.17.Dia.Zerva.XXX.720p.MP4-BIUK 2.mp4,InfernalRestraints
InfernalRestraints.2015.02.10.Dia.Zerva.and.Sister.Dee.XXX.720p.mp4,InfernalRestraints
InfernalRestraints.2015.02.10.Dia.Zerva.and.Sister.Dee.XXX.720p.MP4-hUSHhUSH 2.mp4,InfernalRestraints
Kate.Kennedy-Infernal.Restraints-infernalrestraints.19.07.mp4,InfernalRestraints
INFR.16.11.11.Katy.Kiss.Kissed.By.The.Whip.XXX.720p.MP4-NOGROUP.mp4,InfernalRestraints
Dakota.Marr-Infernal.Restraints-infernalrestraints.17.06.mp4,InfernalRestraints
InterracialBlowbang.17.05.18.Piper.Perri.XXX.1080p.mp4,InterracialBlowbang
SexuallyBroken.17.05.29.Dakota.Marr.And.Dee.Williams.XXX.720p.mp4,InterracialBlowbang
InterracialPass.19.02.08.Izzy.Bell.XXX.1080p.mp4,InterracialPass
InterracialPass.19.02.13.Bobbi.XXX.1080p.mp4,InterracialPass
InterracialPass.19.02.22.Jamie.Elle.XXX.1080p.mp4,InterracialPass
InterracialPass.19.04.08.Hollie.XXX.1080p.mp4,InterracialPass
InterracialPass.19.04.24.Mika.Tan.XXX.1080p.mp4,InterracialPass
InterracialPass.19.04.26.Molly.Mason.XXX.1080p.mp4,InterracialPass
InterracialPass.19.04.29.Rharri.Rhound.XXX.1080p.mp4,InterracialPass
InterracialPass.19.05.27.Vienna.Rose.XXX.1080p.mp4,InterracialPass
InterracialPass.19.05.31.Kara.XXX.1080p.mp4,InterracialPass
InterracialPass.19.06.03.Brooke.Banner.XXX.1080p.mp4,InterracialPass
InterracialPass.19.06.10.Mae.Victoria.XXX.1080p.mp4,InterracialPass
InterracialPass.19.06.12.Eva.Angelina.XXX.1080p.mp4,InterracialPass
InterracialPass.19.06.14.Michelle.Mclaren.XXX.1080p.mp4,InterracialPass
InterracialPass.19.06.19.Raven.Black.XXX.1080p.mp4,InterracialPass
InterracialPass.19.06.24.Sophia.XXX.1080p.mp4,InterracialPass
InterracialPass.19.07.01.Holly.Moon.XXX.1080p.mp4,InterracialPass
InterracialPass.18.11.19.Luscious.Tames.That.BBC.With.Her.Asshole.XXX.1080p.mp4,InterracialPass
InterracialPass.19.01.16.Isabella.Gets.Her.Ass.Pumped.Full.Of.BBC.XXX.1080p.mp4,InterracialPass
InterracialPass.19.05.01.Chelsea.Rae.XXX.1080p.mp4,InterracialPass
InterracialPass.17.04.23.Piper.Perri.XXX.mp4,InterracialPass
InterracialPass.17.04.22.Alexa.Grace.XXX.1080p.mp4,InterracialPass
InterracialPass.18.09.03.Asian.Beaver.Gets.An.Abominable.Beating.XXX.1080p.mp4,InterracialPass
InterracialPass.18.10.19.Mia.Likes.Her.Big.Black.Meat.A.Foot.Long.XXX.1080p.mp4,InterracialPass
InterracialPass.18.11.09.Blackzilla.Does.A.Number.On.Young.Hottie.Cadence.XXX.1080p.mp4,InterracialPass
InterracialPass.18.11.28.Blackzilla.For.Angel.XXX.1080p.mp4,InterracialPass
InterracialPass.19.06.07.Franky.Vargas.mp4,InterracialPass
Interracialpass.18.01.08.Katrina.Gets.A.Discount.On.Black.Sausage.XXX.1080p.mp4,InterracialPass
Interracialpass.18.02.23.18.Year.Old.Carmela.Takes.It.All.XXX.1080p.mp4,InterracialPass
InterracialPass.18.10.12.Hot.Redhead.Marsha.Goes.All.Out.Anal.With.BBC.XXX.1080p.mp4,InterracialPass
InterracialPass.18.09.28.Arietta.Adams.XXX.1080p.mp4,InterracialPass
InterracialPass.18.09.28.Arietta.Adams.XXX.1080p.mp4,InterracialPass
InterracialPass.19.05.29.Victoria.Sweet.XXX.1080p.mp4,InterracialPass
InterracialPass.17.04.19.Katy.Kiss.XXX.INTERNAL.1080p.mp4,InterracialPass
InterracialPass.19.09.04.Jamie.Rae.XXX.1080p.mp4,InterracialPass
InterracialPass.19.09.04.Jamie.Rae.XXX.1080p.MP4-TRASHBIN-Pornfuscated 1.mp4,InterracialPass
InterracialPickups.18.06.06.Lilly.Ford.XXX.1080p.mp4,InterracialPickups
InterracialPickups.18.08.25.Emily.Right.XXX.1080p.mp4,InterracialPickups
interracialpickups.17.12.28.hannah.hays.mp4,InterracialPickups
InterracialPickups.18.11.13.Melody.Parker.XXX.1080p.mp4,InterracialPickups
ip.15.10.20.nadia.ali.mp4,InterracialPickups
ip.16.01.08.anna.de.ville.mp4,InterracialPickups
ip.16.06.16.liza.rowe.mp4,InterracialPickups
InterracialPickups.15.10.20.Nadia.Ali.XXX.1080p.mp4,InterracialPickups
ip.15.08.01.piper.perri.mp4,InterracialPickups
InterracialPickups.15.10.20.Nadia.Ali.XXX.1080p.MP4-KTR 2.mp4,InterracialPickups
InTheCrack.E1528.Lexa.XXX.1080p.mp4,InTheCrack
InTheCrack.E1529.Jayde.Symz.XXX.1080p.mp4,InTheCrack
InTheCrack.E1532.Cindy.Starfall.XXX.1080p.mp4,InTheCrack
InTheCrack.E1533.Bella.Rose.XXX.1080p.mp4,InTheCrack
InTheCrack.E1534.Melody.Wylde.XXX.1080p.mp4,InTheCrack
InTheCrack.E1535.Lily.Adams.XXX.1080p.mp4,InTheCrack
InTheCrack.E1541.Sarah.Banks.XXX.1080p.mp4,InTheCrack
InTheCrack.E1543.Demi.Lopez.XXX.1080p.mp4,InTheCrack
InTheCrack.E1548.Cindy.Shine.3D.XXX.1080p.mp4,InTheCrack
InTheCrack.E1552.Lexa.XXX.1080p.mp4,InTheCrack
InTheCrack.E1553.Nia.Nacci.XXX.1080p.mp4,InTheCrack
InTheCrack.E1554.Adrian.Hush.XXX.1080p.mp4,InTheCrack
InTheCrack.E1556.Cindy.Starfall.XXX.1080p.mp4,InTheCrack
IsiahMaxwellXXX.19.03.14.Anila.Avana.Black.Anal.Diaries.XXX.1080p.mp4,IsiahMaxwellXXX
IsiahMaxwellXXX.19.03.16.Catalina.Cruz.Dark.Desires.XXX.1080p.mp4,IsiahMaxwellXXX
IsiahMaxwellXXX.19.03.22.Dee.Williams.Voluptuous.MILF.In.Heat.XXX.1080p.mp4,IsiahMaxwellXXX
IsiahMaxwellXXX.19.03.26.Arietta.Adams.Sweet.Gusher.XXX.1080p.mp4,IsiahMaxwellXXX
IsiahMaxwellXXX.19.03.27.Lena.Paul.Been.Too.Long.XXX.1080p.mp4,IsiahMaxwellXXX
IsiahMaxwellXXX.19.04.10.India.Summer.Juicy.Present.Inside.XXX.1080p.mp4,IsiahMaxwellXXX
IsiahMaxwellXXX.19.05.02.Elle.Voneva.Asian.Treat.XXX.1080p.mp4,IsiahMaxwellXXX
IsiahMaxwellXXX.19.09.21.Catalina.Cruz.And.Dee.Williams.Stacked.Double.Trouble.XXX.1080p.mp4,IsiahMaxwellXXX
KarupsHA.17.01.31.Katy.Kiss.Solo.1.XXX.720p.MP4-KTR 2.mp4,KarupsHA
KarupsHA.19.03.04.Arietta.Adams.Queef.Relief.XXX.1080p.mp4,KarupsHA
KarupsHA.19.03.07.Arietta.Adams.Operation.Squirt.XXX.1080p.mp4,KarupsHA
KatieBanks.19.05.30.Black.Lingerie.Anal.XXX.1080p.mp4,KatieBanks
KatieBanks.19.06.21.Just.For.Daddy.XXX.1080p.mp4,KatieBanks
KatieBanks.19.07.08.BBC.Worship.Slut.XXX.1080p.mp4,KatieBanks
KatieBanks.19.09.11.Anal.Slut.For.Daddy.XXX.1080p.mp4,KatieBanks
KinkUniversity.15.10.01.Ariel.X.Izamar.Gutierrez.And.Mistress.Kara.XXX.720p.mp4,KinkUniversity
KinkUniversity.14.09.04.Madison.Young.Nikki.Darling.And.Freya.French.XXX.720p.mp4,KinkUniversity
KinkUniversity.16.04.18.Simone.Sonay.XXX.mp4,KinkUniversity
KinkUniversity.14.09.25.True.Blue.XXX.mp4,KinkUniversity
KinkUniversity.16.04.25.Marica.Hase.XXX.mp4,KinkUniversity
KinkUniversity.14.08.04.Cleo.Dubois.And.Nerine.Mechanique.XXX.720p.mp4,KinkUniversity
KinkUniversity.14.08.04.Cleo.Dubois.And.Nerine.Mechanique.XXX.720p.MP4-BIUK 2.mp4,KinkUniversity
KinkUniversity.14.08.14.Penny.Barber.XXX.720p.mp4,KinkUniversity
KinkUniversity.14.08.28.Daisy.Ducati.And.Ms.Nikki.Nefarious.XXX.720p.mp4,KinkUniversity
KinkUniversity.14.08.28.Daisy.Ducati.And.Ms.Nikki.Nefarious.XXX.720p.MP4-BIUK 2.mp4,KinkUniversity
KinkUniversity.14.10.09.Colette.Rouge.XXX.720p.mp4,KinkUniversity
KinkUniversity.14.10.09.Colette.Rouge.XXX.720p.MP4-BIUK 2.mp4,KinkUniversity
KinkUniversity.15.02.12.Siouxsie.Q.And.Mona.Wales.XXX.720p.mp4,KinkUniversity
KinkUniversity.15.02.12.Siouxsie.Q.And.Mona.Wales.XXX.720p.MP4-BIUK 2.mp4,KinkUniversity
KinkUniversity.15.02.19.Mona.Wales.XXX.720p.mp4,KinkUniversity
KinkUniversity.15.02.19.Mona.Wales.XXX.720p.MP4-BIUK 2.mp4,KinkUniversity
KinkUniversity.15.02.26.Sahara.Rain.XXX.720p.mp4,KinkUniversity
KinkUniversity.15.03.05.Kay.Kardia.XXX.720p.mp4,KinkUniversity
KinkUniversity.15.03.05.Kay.Kardia.XXX.720p.MP4-BIUK 2.mp4,KinkUniversity
KinkUniversity.15.08.13.Barbary.Rose.Elizabeth.Thorn.And.Mistress.Shae.Flanigan.XXX.720p.mp4,KinkUniversity
KinkUniversity.15.08.27.Samantha.Rone.And.Cherry.Torn.XXX.720p.mp4,KinkUniversity
KinkUniversity.15.08.27.Samantha.Rone.And.Cherry.Torn.XXX.720p.MP4-WEIRD 2.mp4,KinkUniversity
KinkUniversity.15.09.10.London.River.XXX.720p.mp4,KinkUniversity
KinkUniversity.15.09.17.Nerine.Mechanique.XXX.720p.mp4,KinkUniversity
KinkUniversity.15.09.24.Kay.Kardia.Submiss.Ann.And.Olivia.Fawn.XXX.720p.mp4,KinkUniversity
KinkUniversity.15.10.01.Ariel.X.Izamar.Gutierrez.And.Mistress.Kara.XXX.720p.mp4,KinkUniversity
KinkUniversity.15.10.08.Virginia.Tunnels.XXX.720p.mp4,KinkUniversity
KinkUniversity.15.10.15.Aiden.Starr.And.Tony.Orlando.XXX.720p.mp4,KinkUniversity
KinkUniversity.15.10.22.Nina.Hartley.XXX.720p.mp4,KinkUniversity
KinkUniversity.15.10.22.Nina.Hartley.XXX.720p.MP4-WEIRD 2.mp4,KinkUniversity
KinkUniversity.16.01.04.Lorelei.Lee.XXX.720p.mp4,KinkUniversity
KinkUniversity.16.01.04.Lorelei.Lee.XXX.720p.MP4-WEIRD 2.mp4,KinkUniversity
KinkUniversity.16.01.11.Janice.Griffith.XXX.720p.mp4,KinkUniversity
KinkUniversity.16.01.11.Janice.Griffith.XXX.720p.MP4-WEIRD 2.mp4,KinkUniversity
KinkUniversity.16.01.18.Andre.Shakti.And.Tina.Horn.XXX.720p.mp4,KinkUniversity
KinkUniversity.16.01.25.Jessica.Creepshow.XXX.720p.mp4,KinkUniversity
KinkUniversity.16.02.15.Jeze.Belle.Ruckus.And.Sam.Solo.XXX.720p.mp4,KinkUniversity
KinkUniversity.16.03.21.Daisy.Ducati.And.Lyra.Law.XXX.720p.mp4,KinkUniversity
KinkUniversity.16.04.01.Nikki.Darling.XXX.720p.mp4,KinkUniversity
KinkUniversity.16.04.01.Nikki.Darling.XXX.720p.MP4-WEIRD 2.mp4,KinkUniversity
KinkUniversity.16.05.23.Ariel.X.And.Lisa.Tiffian.XXX.XviD-iPT.avi,KinkUniversity
KinkUniversity.16.02.01.Abella.Danger.XXX.720p.mp4,KinkUniversity
KinkUniversity.16.05.02.Dresden.XXX.mp4,KinkUniversity
KinkUniversity.14.08.05.True.Blue.XXX.720p.mp4,KinkUniversity
KinkUniversity.16.05.09.Marica.Hase.XXX.mp4,KinkUniversity
KinkUniversity.14.09.25.True.Blue.XXX.720p.mp4,KinkUniversity
KinkUniversity.14.09.25.True.Blue.XXX.720p.MP4-BIUK 2.mp4,KinkUniversity
KinkUniversity.14.08.02.Elise.Graves.XXX.720p.mp4,KinkUniversity
KinkUniversity.14.08.02.Elise.Graves.XXX.720p.MP4-BIUK 2.mp4,KinkUniversity
KinkUniversity.14.08.14.Penny.Barber.XXX.720p.MP4-BIUK 2.mp4,KinkUniversity
KinkUniversity.16.02.08.Mia.Li.XXX.720p.mp4,KinkUniversity
KinkUniversity.16.02.22.Lyra.Law.XXX.720p.mp4,KinkUniversity
KinkUniversity.16.02.29.Dee.Williams.XXX.720p.mp4,KinkUniversity
KinkUniversity.16.03.07.Anna.Tyler.XXX.720p.mp4,KinkUniversity
KinkUniversity.16.03.14.Ella.Nova.XXX.720p.mp4,KinkUniversity
KinkUniversity.16.03.14.Ella.Nova.XXX.720p.MP4-WEIRD 2.mp4,KinkUniversity
KinkUniversity.16.03.28.Jessica.Creepshow.XXX.720p.mp4,KinkUniversity
KinkUniversity.16.04.11.Jasmine.Jae.XXX.720p.mp4,KinkUniversity
KinkUniversity.16.04.18.Simone.Sonay.XXX.720p.mp4,KinkUniversity
KinkUniversity.16.04.25.Marica.Hase.XXX.720p.mp4,KinkUniversity
KinkUniversity.16.04.25.Marica.Hase.XXX.720p.MP4-WEIRD 2.mp4,KinkUniversity
KinkUniversity.16.05.02.Dresden.XXX.720p.mp4,KinkUniversity
KinkUniversity.16.05.09.Marica.Hase.XXX.720p.mp4,KinkUniversity
KinkUniversity.16.03.07.Anna.Tyler.XXX.XviD-iPT.avi,KinkUniversity
KinkUniversity.16.03.14.Ella.Nova.XXX.XviD-iPT.avi,KinkUniversity
KinkUniversity.16.03.21.Daisy.Ducati.And.Lyra.Law.XXX.XviD-iPT.avi,KinkUniversity
KinkUniversity.16.03.28.Jessica.Creepshow.XXX.XviD-iPT.avi,KinkUniversity
KinkUniversity.16.04.01.Nikki.Darling.XXX.XviD-iPT.avi,KinkUniversity
KinkUniversity.16.04.11.Jasmine.Jae.XXX.XviD-iPT.avi,KinkUniversity
KinkUniversity.16.04.18.Simone.Sonay.XXX.XviD-iPT.avi,KinkUniversity
KinkUniversity.16.04.25.Marica.Hase.XXX.XviD-iPT.avi,KinkUniversity
KinkUniversity.16.05.02.Dresden.XXX.XviD-iPT.avi,KinkUniversity
KinkUniversity.16.05.09.Marica.Hase.XXX.XviD-iPT.avi,KinkUniversity
KinkUniversity.16.05.16.Daisy.Ducati.XXX.XviD-iPT.avi,KinkUniversity
KinkUniversity.16.05.30.Bianca.Stone.And.Mandy.Mitchell.XXX.XviD-iPT.avi,KinkUniversity
KinkUniversity.16.06.06.Veruca.James.XXX.XviD-iPT.avi,KinkUniversity
KinkUniversity.16.06.13.Charlotte.Cross.XXX.XviD-iPT.avi,KinkUniversity
KinkUniversity.16.06.20.April.Flores.And.Camille.Black.XXX.XviD-iPT.avi,KinkUniversity
KinkUniversity.16.06.27.Charlotte.Satre.XXX.XviD-iPT.avi,KinkUniversity
KinkUniversity.16.07.04.Violet.Monroe.XXX.XviD-iPT.avi,KinkUniversity
KinkySpa.E37.Abella.Danger.XXX.1080p.mp4,KinkySpa
LANewGirl.19.09.30.Nikki.Thomas.Closeup.XXX-Rated.XXX.1080p.mp4,LANewGirl
LatinaAbuse.E196.Jessie.Rosario.Missing.Footage.Recovered.XXX.INTERNAL.1080p.mp4,LatinaAbuse
Jessie.Rosario.(Missing.Footage.Recovered)-LatinaAbuse-LatinaThroats-Episode.mp4,LatinaAbuse
Mop.And.Blow-LatinaAbuse-LatinaThroats-Episode.mp4,LatinaAbuse
LesbianX.19.06.29.Alina.Lopez.And.Emily.Willis.Deep.Anal.Strapon.XXX.1080p.mp4,LesbianX
LesbianX.19.01.19.Kira.Noir.And.Cecilia.Lion.Cecilias.First.Lesbian.Anal.XXX.1080p.mp4,LesbianX
LesbianX.18.08.25.Kira.Noir.And.Victoria.Voxxx.Please.Make.Me.Gape.XXX.1080p.mp4,LesbianX
LesbianX.18.10.13.Maya.Bijou.And.Kendra.Spade.Mayas.First.Lesbian.Anal.XXX.1080p.mp4,LesbianX
LesbianX.18.10.27.Casey.Calvert.And.Miranda.Miller.Naughty.Anal.Schoolgirls.XXX.1080p.mp4,LesbianX
LesbianX.18.12.01.Sinn.Sage.And.Jessica.Rex.Anal.Strap-On.Domination.XXX.1080p.mp4,LesbianX
LesbianX.18.11.10.Dana.Dearmond.And.Avi.Love.Strap.On.Dana.XXX.1080p.mp4,LesbianX
LiseySweet.18.04.20.Anal.Orgasm.XXX.1080p.mp4,LiseySweet
LiseySweet.18.05.02.Messy.JOI.XXX.1080p.mp4,LiseySweet
LiseySweet.18.05.28.Tries.Out.Two.Black.Cocks.XXX.1080p.mp4,LiseySweet
LiseySweet.18.10.11.My.Wet.Oiled.Pussy.XXX.1080p.mp4,LiseySweet
LiseySweet.18.12.03.Lisey.And.Nikki.Delano.XXX.1080p.mp4,LiseySweet
LiseySweet.19.01.01.Lisey.Brings.Home.A.BBC.XXX.1080p.mp4,LiseySweet
LiseySweet.19.03.20.Naughty.Schoolgirl.Stretches.Her.Asshole.XXX.1080p.mp4,LiseySweet
LiseySweet.19.05.22.Watch.Me.Cum.XXX.1080p.mp4,LiseySweet
LovinglyHandmadePornography-117.Degrees.15.08.mp4,LovinglyHandmadePornography
LovinglyHandmadePornography-A.Terrifying.Sound.14.12.mp4,LovinglyHandmadePornography
LovinglyHandmadePornography-All.the.Sting.16.12.mp4,LovinglyHandmadePornography
LovinglyHandmadePornography-Almost.After.Care.15.05.mp4,LovinglyHandmadePornography
LovinglyHandmadePornography-Are.you.aiming.for.my.clit.15.11.mp4,LovinglyHandmadePornography
LovinglyHandmadePornography-Autumn_s.Abused.Asshole.15.05.mp4,LovinglyHandmadePornography
LovinglyHandmadePornography-Beating.Autumns.Peehole.15.11.mp4,LovinglyHandmadePornography
LovinglyHandmadePornography-Body.Harness.of.Doom.15.05.mp4,LovinglyHandmadePornography
LovinglyHandmadePornography-Cinching.Tight.14.09.mp4,LovinglyHandmadePornography
LovinglyHandmadePornography-Convenient.Bracing.14.10.mp4,LovinglyHandmadePornography
LovinglyHandmadePornography-Doomed.and.really.wet.17.03.mp4,LovinglyHandmadePornography
LovinglyHandmadePornography-Drippingly.Embarrassed.16.12.mp4,LovinglyHandmadePornography
LovinglyHandmadePornography-Earning.the.Mallet.15.12.mp4,LovinglyHandmadePornography
LovinglyHandmadePornography-Extended.Struggling.Orgasm.14.11.mp4,LovinglyHandmadePornography
LovinglyHandmadePornography-Filthy.Redheaded.Desires.15.02.mp4,LovinglyHandmadePornography
LovinglyHandmadePornography-First.of.Many.14.11.mp4,LovinglyHandmadePornography
LovinglyHandmadePornography-For.My.Benefit.16.01.mp4,LovinglyHandmadePornography
LovinglyHandmadePornography-Hitting.Hard.14.11.mp4,LovinglyHandmadePornography
LovinglyHandmadePornography-Horrible.person.for.liking.it.15.10.mp4,LovinglyHandmadePornography
LovinglyHandmadePornography-Horsehair.Is.Fun.15.09.mp4,LovinglyHandmadePornography
LovinglyHandmadePornography-Hot.Chain.Wide.Open.15.11.mp4,LovinglyHandmadePornography
LovinglyHandmadePornography-How.does.that.feel.Inescapable.15.01.mp4,LovinglyHandmadePornography
LovinglyHandmadePornography-How.hard.can.you.punch.your.own.breasts.16.04.mp4,LovinglyHandmadePornography
LovinglyHandmadePornography-I.feel.very.silly.about.this_.ow!.16.03.mp4,LovinglyHandmadePornography
LovinglyHandmadePornography-I.Missed.a.Spot.16.10.mp4,LovinglyHandmadePornography
LovinglyHandmadePornography-In.the.Scary.Chair.with.a.Hitachi.14.10.mp4,LovinglyHandmadePornography
LovinglyHandmadePornography-Introducing.Nina.to.the.Violet.Wand.16.06.mp4,LovinglyHandmadePornography
LovinglyHandmadePornography-Its.like.you_re.mean.or.something.17.01.mp4,LovinglyHandmadePornography
LovinglyHandmadePornography-I_m.cute.you.can_t.wanna.hurt.me.15.03.mp4,LovinglyHandmadePornography
LovinglyHandmadePornography-I_ve.wanted.this.cock.for.a.really.long.time.16.07.mp4,LovinglyHandmadePornography
LovinglyHandmadePornography-Kegel.Hulk.15.09.mp4,LovinglyHandmadePornography
LovinglyHandmadePornography-Many.Orgasms.for.Jenny.Mace.15.07.mp4,LovinglyHandmadePornography
LovinglyHandmadePornography-Maximum.Internal.Heat.15.09.mp4,LovinglyHandmadePornography
LovinglyHandmadePornography-No.fair.hitting.my.insides!.14.12.mp4,LovinglyHandmadePornography
LovinglyHandmadePornography-Orgasms.With.Steel.in.Nina_s.Butt.16.02.mp4,LovinglyHandmadePornography
LovinglyHandmadePornography-Padding.Autumn_s.Insides.15.09.mp4,LovinglyHandmadePornography
LovinglyHandmadePornography-Pounding.With.a.Huge.Dildo.16.03.mp4,LovinglyHandmadePornography
LovinglyHandmadePornography-So.Almost.There.15.10.mp4,LovinglyHandmadePornography
LovinglyHandmadePornography-So.far.so.squeezy_.and.good.16.09.mp4,LovinglyHandmadePornography
LovinglyHandmadePornography-So.much.better.than.a.crop.17.02.mp4,LovinglyHandmadePornography
LovinglyHandmadePornography-Soothing.Madison.17.01.mp4,LovinglyHandmadePornography
LovinglyHandmadePornography-Taking.Turns.16.04.mp4,LovinglyHandmadePornography
LovinglyHandmadePornography-That.feels.very.good.and.painful.and.weird.15.12.mp4,LovinglyHandmadePornography
LovinglyHandmadePornography-That.was.a.really.wet.sound!.16.05.mp4,LovinglyHandmadePornography
LovinglyHandmadePornography-Thats.my.favorite.least-favorite.toy.14.08.mp4,LovinglyHandmadePornography
LovinglyHandmadePornography-This.is.my.problem.I.can_t.keep.my.mouth.shut.15.04.mp4,LovinglyHandmadePornography
LovinglyHandmadePornography-Trying.For.Bruises.16.08.mp4,LovinglyHandmadePornography
LovinglyHandmadePornography-Trying.to.make.Nina.scream.17.04.mp4,LovinglyHandmadePornography
LovinglyHandmadePornography-Very.Hot.Trailer.Hitches.15.10.mp4,LovinglyHandmadePornography
LovinglyHandmadePornography-Who.would.electrify.a.cane.16.08.mp4,LovinglyHandmadePornography
LovinglyHandmadePornography-Your.tears.splashed.on.my.face.when.I.hit.you.14.09.mp4,LovinglyHandmadePornography
LovinglyHandmadePornography-You_re.a.horrible.person.15.01.mp4,LovinglyHandmadePornography
Lubed.19.06.18.Hime.Marie.Lubed.Extra.Credit.XXX.1080p.mp4,Lubed
Lubed.19.08.27.Janice.Griffith.Completely.Drenched.XXX.1080p.mp4,Lubed
ManoJob.19.09.06.JoJo.Kiss.JoJo.Milks.The.Cum.Out.XXX.1080p.mp4,ManoJob
ManoJob.19.09.13.Kate.Kennedy.Cumslut.Cupcake.XXX.1080p.mp4,ManoJob
ManyVids.Jennica.Lynn.Part1.Pack.XXX-U4A 10.mp4,ManyVids
ManyVids.Jennica.Lynn.Part1.Pack.XXX-U4A 11.mp4,ManyVids
ManyVids.Jennica.Lynn.Part1.Pack.XXX-U4A 12.mp4,ManyVids
ManyVids.Jennica.Lynn.Part1.Pack.XXX-U4A 13.mp4,ManyVids
ManyVids.Jennica.Lynn.Part1.Pack.XXX-U4A 14.mp4,ManyVids
ManyVids.Jennica.Lynn.Part1.Pack.XXX-U4A 16.mp4,ManyVids
ManyVids.Jennica.Lynn.Part1.Pack.XXX-U4A 17.mp4,ManyVids
ManyVids.Jennica.Lynn.Part1.Pack.XXX-U4A 19.mp4,ManyVids
ManyVids.Jennica.Lynn.Part1.Pack.XXX-U4A 2.mp4,ManyVids
ManyVids.Jennica.Lynn.Part1.Pack.XXX-U4A 21.mp4,ManyVids
ManyVids.Jennica.Lynn.Part1.Pack.XXX-U4A 22.mp4,ManyVids
ManyVids.Jennica.Lynn.Part1.Pack.XXX-U4A 23.mp4,ManyVids
ManyVids.Jennica.Lynn.Part1.Pack.XXX-U4A 24.mp4,ManyVids
ManyVids.Jennica.Lynn.Part1.Pack.XXX-U4A 25.mp4,ManyVids
ManyVids.Jennica.Lynn.Part1.Pack.XXX-U4A 26.mp4,ManyVids
ManyVids.Jennica.Lynn.Part1.Pack.XXX-U4A 27.mp4,ManyVids
ManyVids.Jennica.Lynn.Part1.Pack.XXX-U4A 28.mp4,ManyVids
ManyVids.Jennica.Lynn.Part1.Pack.XXX-U4A 29.mp4,ManyVids
ManyVids.Jennica.Lynn.Part1.Pack.XXX-U4A 3.mp4,ManyVids
ManyVids.Jennica.Lynn.Part1.Pack.XXX-U4A 30.mp4,ManyVids
ManyVids.Jennica.Lynn.Part1.Pack.XXX-U4A 31.mp4,ManyVids
ManyVids.Jennica.Lynn.Part1.Pack.XXX-U4A 32.mp4,ManyVids
ManyVids.Jennica.Lynn.Part1.Pack.XXX-U4A 33.mp4,ManyVids
ManyVids.Jennica.Lynn.Part1.Pack.XXX-U4A 34.mp4,ManyVids
ManyVids.Jennica.Lynn.Part1.Pack.XXX-U4A 35.mp4,ManyVids
ManyVids.Jennica.Lynn.Part1.Pack.XXX-U4A 36.mp4,ManyVids
ManyVids.Jennica.Lynn.Part1.Pack.XXX-U4A 37.mp4,ManyVids
ManyVids.Jennica.Lynn.Part1.Pack.XXX-U4A 38.mp4,ManyVids
ManyVids.Jennica.Lynn.Part1.Pack.XXX-U4A 39.mp4,ManyVids
ManyVids.Jennica.Lynn.Part1.Pack.XXX-U4A 4.mp4,ManyVids
ManyVids.Jennica.Lynn.Part1.Pack.XXX-U4A 40.mp4,ManyVids
ManyVids.Jennica.Lynn.Part1.Pack.XXX-U4A 41.mp4,ManyVids
ManyVids.Jennica.Lynn.Part1.Pack.XXX-U4A 42.mp4,ManyVids
ManyVids.Jennica.Lynn.Part1.Pack.XXX-U4A 43.mp4,ManyVids
ManyVids.Jennica.Lynn.Part1.Pack.XXX-U4A 44.mp4,ManyVids
ManyVids.Jennica.Lynn.Part1.Pack.XXX-U4A 45.mp4,ManyVids
ManyVids.Jennica.Lynn.Part1.Pack.XXX-U4A 46.mp4,ManyVids
ManyVids.Jennica.Lynn.Part1.Pack.XXX-U4A 5.mp4,ManyVids
ManyVids.Jennica.Lynn.Part1.Pack.XXX-U4A 6.mp4,ManyVids
ManyVids.Jennica.Lynn.Part1.Pack.XXX-U4A 7.mp4,ManyVids
ManyVids.Jennica.Lynn.Part1.Pack.XXX-U4A 8.mp4,ManyVids
ManyVids.Jennica.Lynn.Part1.Pack.XXX-U4A 9.mp4,ManyVids
ManyVids.Clips.Part2.Pack.XXX-U4A 18.mp4,ManyVids
ManyVids.Clips.Part2.Pack.XXX-U4A 20.mp4,ManyVids
ManyVids.Jennica.Lynn.Part1.Pack.XXX-U4A 15.mp4,ManyVids
ManyVids.Jennica.Lynn.Part1.Pack.XXX-U4A 18.mp4,ManyVids
ManyVids.Jennica.Lynn.Part1.Pack.XXX-U4A 20.mp4,ManyVids
ManyVids.Jennica.Lynn.Part1.Pack.mp4,ManyVids
ManyVids.Jennica.Lynn.Part2.Pack.XXX-U4A\jennica lynn - a date with jennica - hd 720p - 14.02.2014.wmv,ManyVids
ManyVids.Jennica.Lynn.Part2.Pack.XXX-U4A\jennica lynn - jennica in the bahamas - hd 720p - 17.09.2013.wmv,ManyVids
ManyVids.Jennica.Lynn.Part2.Pack.XXX-U4A\jennica lynn - saucy girl - hd 720p 27.03.2014.wmv,ManyVids
ManyVids.Jennica.Lynn.Part2.Pack.XXX-U4A\jennica lynn - schools out - hd 720p - 22.05.2014.wmv,ManyVids
ManyVids.Jennica.Lynn.Part2.Pack.XXX-U4A\jennica lynn - the adventures of super-jennica - hd 720p - 26.06.2014.mp4,ManyVids
ManyVids.Jennica.Lynn.Part2.Pack.XXX-U4A\jennica lynn - the bustiest swedish girl in the world (2015.10.28).mp4,ManyVids
ManyVids.Jennica.Lynn.Part2.Pack.XXX-U4A\jennica lynn_miss-squirt.mp4,ManyVids
ManyVids.Jennica.Lynn.Part2.Pack.XXX-U4A\jennica lynn_morning-sex.mp4,ManyVids
ManyVids.Jennica.Lynn.Part2.Pack.XXX-U4A\jennica lynn_mr-tiny-miss-gigant.mp4,ManyVids
ManyVids.Jennica.Lynn.Part2.Pack.XXX-U4A\jennica lynn_my-new-lingerie.mp4,ManyVids
ManyVids.Jennica.Lynn.Part2.Pack.XXX-U4A\jennica lynn_nurse.mp4,ManyVids
ManyVids.Jennica.Lynn.Part2.Pack.XXX-U4A\jennica lynn_oh-my-god-i-squirt.mp4,ManyVids
ManyVids.Jennica.Lynn.Part2.Pack.XXX-U4A\jennica lynn_oh-yeah-baby.mp4,ManyVids
ManyVids.Jennica.Lynn.Part2.Pack.XXX-U4A\jennica lynn_oil-and-boob-wash.mp4,ManyVids
ManyVids.Jennica.Lynn.Part2.Pack.XXX-U4A\jennica lynn_pov-bouncing-tits.mp4,ManyVids
ManyVids.Jennica.Lynn.Part2.Pack.XXX-U4A\jennica lynn_pov-riding.mp4,ManyVids
ManyVids.Jennica.Lynn.Part2.Pack.XXX-U4A\jennica lynn_pov-sucking.mp4,ManyVids
ManyVids.Jennica.Lynn.Part2.Pack.XXX-U4A\jennica lynn_quick-squirt.mp4,ManyVids
ManyVids.Jennica.Lynn.Part2.Pack.XXX-U4A\jennica lynn_rubber-duckie-with-joi.mp4,ManyVids
ManyVids.Jennica.Lynn.Part2.Pack.XXX-U4A\jennica lynn_scary-ballons.mp4,ManyVids
ManyVids.Jennica.Lynn.Part2.Pack.XXX-U4A\jennica lynn_schoolgirl-squirt.mp4,ManyVids
ManyVids.Jennica.Lynn.Part2.Pack.XXX-U4A\jennica lynn_see-through-naughty-top.mp4,ManyVids
ManyVids.Jennica.Lynn.Part2.Pack.XXX-U4A\jennica lynn_shaving-pussy.mp4,ManyVids
ManyVids.Jennica.Lynn.Part2.Pack.XXX-U4A\jennica lynn_showerhead.mp4,ManyVids
ManyVids.Jennica.Lynn.Part2.Pack.XXX-U4A\jennica lynn_soapy-mega-tits.mp4,ManyVids
ManyVids.Jennica.Lynn.Part2.Pack.XXX-U4A\jennica lynn_spying.mp4,ManyVids
ManyVids.Jennica.Lynn.Part2.Pack.XXX-U4A\jennica lynn_sucking-my-friends-cock.avi,ManyVids
ManyVids.Jennica.Lynn.Part2.Pack.XXX-U4A\jennica lynn_sucking-off-roomate.mp4,ManyVids
ManyVids.Jennica.Lynn.Part2.Pack.XXX-U4A\jennica lynn_sun-and-bikini.mp4,ManyVids
ManyVids.Jennica.Lynn.Part2.Pack.XXX-U4A\jennica lynn_sunshine-makes-me-wet.mp4,ManyVids
ManyVids.Jennica.Lynn.Part2.Pack.XXX-U4A\jennica lynn_teeny-weeny-bikinis.mp4,ManyVids
ManyVids.Jennica.Lynn.Part2.Pack.XXX-U4A\jennica lynn_the princess of cups (2015.08.04).mp4,ManyVids
ManyVids.Jennica.Lynn.Part2.Pack.XXX-U4A\jennica lynn_they-are-growing.mp4,ManyVids
ManyVids.Jennica.Lynn.Part2.Pack.XXX-U4A\jennica lynn_tie-up-mega-tits.mp4,ManyVids
ManyVids.Jennica.Lynn.Part2.Pack.XXX-U4A\jennica lynn_tits-and-bubbelgum.mp4,ManyVids
ManyVids.Jennica.Lynn.Part2.Pack.XXX-U4A\jennica lynn_tits-in-tops.mp4,ManyVids
ManyVids.Jennica.Lynn.Part2.Pack.XXX-U4A\jennica lynn_tittyfuck-the-babysitter-pov.mp4,ManyVids
ManyVids.Jennica.Lynn.Part2.Pack.XXX-U4A\jennica lynn_watch-me-boss.mp4,ManyVids
ManyVids.Jennica.Lynn.Part2.Pack.XXX-U4A\jennica lynn_water-makes-em-grow.mp4,ManyVids
ManyVids.Jennica.Lynn.Part2.Pack.XXX-U4A\jennica lynn_weigh-and-measure.mp4,ManyVids
ManyVids.Jennica.Lynn.Part2.Pack.XXX-U4A\jennica lynn_wet-tshirt.mp4,ManyVids
ManyVids.Jennica.Lynn.Part2.Pack.XXX-U4A\jennica lynn_what color are my eyes - hd 720p.wmv,ManyVids
ManyVids.Jennica.Lynn.Part2.Pack.XXX-U4A\jennica lynn_white-vs-black-cock.mp4,ManyVids
ManyVids.Jennica.Lynn.Part2.Pack.XXX-U4A\jennica lynn_work-out-with-jennica.mp4,ManyVids
ManyVids.Jennica.Lynn.Part2.Pack.XXX-U4A\jennica-lynn-hd_29484_large.wmv,ManyVids
MatureGapers.19.09.17.Berrenica.XXX.1080p.mp4,MatureGapers
MetArtX.19.03.18.Jia.Lissa.Dance.For.You.2.XXX.1080p.mp4,MetArtX
MetArtX.19.06.24.Scarlett.Bloom.Hot.Assignment.XXX.1080p.mp4,MetArtX
MommysGirl.19.09.28.Lauren.Phillips.And.Arietta.Adams.My.Moms.A.Virgin.XXX.1080p.mp4,MommysGirl
mompov\MomPov.BONUS.E159.Jacky.XXX.1080p.mp4,MomPov
mompov\MomPov.E405.Liezel.mp4,MomPov
mompov\MomPov.E408.Tiffani.mp4,MomPov
mompov\MomPov.E409.Syrah.mp4,MomPov
mompov\MomPov.E415.Trysha.mp4,MomPov
mompov\MomPov.E420.Darcy.mp4,MomPov
mompov\MomPov.E422.Josie.mp4,MomPov
mompov\MomPov.E423.Adina.mp4,MomPov
mompov\MomPov.E426.Kimber.mp4,MomPov
mompov\MomPov.E430.Trinity.mp4,MomPov
mompov\MomPov.E438.Sandra.XXX.720p.mp4,MomPov
mompov\MomPov.E439.Samantha.XXX.1080p.mp4,MomPov
mompov\MomPov.E441.Claudia.XXX.1080p.mp4,MomPov
mompov\MomPov.E448.Gwen.XXX.1080p.mp4,MomPov
mompov\MomPov.E450.Pheobe.XXX.1080p.mp4,MomPov
mompov\MomPov.E458.Kinsley.XXX.1080p.mp4,MomPov
mompov\MomPov.E476.Tessah.XXX.XviD-iPT.avi,MomPov
mompov\MomPov.E482.Alessandra.XXX.XviD-iPT.avi,MomPov
mompov\MomPov.E483.Allie.XXX.1080p.mp4,MomPov
mompov\MomPov.E487.Shirley.XXX.1080p.mp4,MomPov
mompov\MomPov.E488.Ericca.XXX.XviD-iPT.avi,MomPov
mompov\MomPov.E496.Joy.XXX.XviD-iPT.avi,MomPov
mompov\MomPov.E497.Eliza.XXX.1080p.mp4,MomPov
mompov\MomPov.E498.Louise.XXX.1080p.mp4,MomPov
mompov\MomPov.E506.Vivica.XXX.1080p.mp4,MomPov
mompov\MomPov.E528.Christina.XXX.1080p.mp4,MomPov
mompov\MomPov.E530.Andi.XXX.XviD-iPT.avi,MomPov
mompov\MomPov.E538.Merle.XXX.1080p.mp4,MomPov
MomPov.BONUS.E166.Vivica.XXX.1080p.mp4,MomPov
MomPov.BTS.E133.Allana.XXX.720p.mp4,MomPov
MomPov.BONUS.E172.Kiki.XXX.720p.mp4,MomPov
MonstersOfCock.15.05.19.Piper.Perri.XXX.mp4,MonstersOfCock
MYLKED.19.09.17.Krystal.Orchid.XXX.1080p.mp4,MYLKED
Naughtyelle-July-06-2019.mp4,Naughtyelle
Nubiles.15.03.09.Piper.Perri.Giant.Purple.Toy.XXX.1080p.mp4,Nubiles
OrgasmAbuse.19.05.03.Naomi.Cum.On.Aris.Lap.XXX.1080p.mp4,OrgasmAbuse
Paintoy.16.12.18.Mercy.West.Merciless.Pain.Part.6.XXX.1080p.mp4,Paintoy
PascalsSubSluts.16.05.26.Molly.Maracas.XXX.1080p.MP4-KTR 2.mp4,PascalSubSluts
Penthouse.16.05.11.Annie.Cruz.in.Right.There.XXX.1080p.mp4,Penthouse
Petite.19.09.27.Lindsey.Cruz.Having.What.It.Take.To.Be.A.Fucking.Petite.Model.XXX.1080p.mp4,Petite
PlayboyPlus.19.08.22.Abella.Danger.Ahead.Of.The.Curve.XXX.2160p.mp4,PlayboyPlus
PlumperPass.19.06.24.Ana.Dhara.Anal.For.Ana.XXX.1080p.mp4,PlumperPass
PlumperPass.19.07.12.Nirvana.Lust.Smoking.With.Nirvana.XXX.1080p.mp4,PlumperPass
PlumperPass.19.08.26.Mylie.Moore.BBC.POV.For.Mylie.XXX.1080p.mp4,PlumperPass
PlumperPass.19.09.18.Busty.Cookie.Shake.And.Bake.XXX.1080p.mp4,PlumperPass
PornMegaLoad.19.06.18.Marilyn.Mayson.An.XL.Girl.Doubles.Her.Pleasure.XXX.1080p.mp4,PornMegaLoad
PornMegaLoad.19.05.16.Briana.Black.Toy.Time.Titillation.XXX.1080p.mp4,PornMegaLoad
PornMegaLoad.19.05.23.Blake.Emerald.Oiled.And.Showered.XXX.1080p.mp4,PornMegaLoad
PornMegaLoad.14.12.05.Barbie.Banx.Major.League.Booty.XXX.1080p.mp4,PornMegaLoad
PornMegaLoad.14.12.05.Barbie.Banx.Major.League.Booty.XXX.1080p.MP4-KTR 2.mp4,PornMegaLoad
PornMegaLoad.18.12.13.Seka.Black.On.Black.XXX.1080p.mp4,PornMegaLoad
PornMegaLoad.19.05.30.Seka.Black.Happy.Anniversary.Honey.I.Got.You.Two.BBCs.XXX.1080p.mp4,PornMegaLoad
PornMegaLoad.19.06.04.Melissa.Johnson.Shows.Us.Her.Pussy.XXX.1080p.mp4,PornMegaLoad
PornMegaLoad.19.06.06.Kim.Velez.Braces.For.Big.Tit.Fun.In.The.Country.XXX.1080p.mp4,PornMegaLoad
PornMegaLoad.19.06.06.Melissa.Johnson.A.Johnson.For.Mrs.Johnson.XXX.1080p.mp4,PornMegaLoad
PornMegaLoad.19.06.11.Haydee.Rodriguez.My.Underwear.Is.Fun.To.Wear.XXX.1080p.mp4,PornMegaLoad
PornMegaLoad.19.06.13.Cora.Comfort.Cock-Addicted.Cora.Does.A.BBC.XXX.1080p.mp4,PornMegaLoad
PornMegaLoad.19.06.13.Ivanna.Lace.Beauty.And.The.Breasts.XXX.1080p.mp4,PornMegaLoad
PornMegaLoad.19.06.17.Alisa.Puffy.Nips.Hairy.Muff.XXX.1080p.mp4,PornMegaLoad
PornMegaLoad.19.06.17.Nikki.Smith.Jerk.On.My.Juicy.Fat.Tits.XXX.1080p.mp4,PornMegaLoad
PornMegaLoad.19.06.20.Veronika.Vixon.Theres.A.Big.Black.Cock.In.Veronikas.Ass.XXX.1080p.mp4,PornMegaLoad
PornMegaLoad.19.06.25.Caroline.Hamsel.Mrs.Hamsel.Is.Ready.For.You.XXX.1080p.mp4,PornMegaLoad
PornMegaLoad.19.06.25.Rose.Mastos.Play.Time.With.A.New.MILF.XXX.1080p.mp4,PornMegaLoad
PornMegaLoad.19.07.03.Kailani.Kai.Talk.Dirty.To.Me.XXX.1080p.mp4,PornMegaLoad
PornMegaLoad.19.07.30.Melissa.Johnson.Mrs.Johnsons.Ass.Toy.XXX.1080p.mp4,PornMegaLoad
PornMegaLoad.19.07.30.Victoria.Lobov.Toy.Time.For.Victorias.Sweet.Ass.XXX.1080p.mp4,PornMegaLoad
PornMegaLoad.19.08.03.Dina.Sahari.Beautiful.And.Busty.Model.In.The.Making.XXX.1080p.mp4,PornMegaLoad
PornMegaLoad.19.08.06.Mandy.Thai.Pussy.XXX.1080p.mp4,PornMegaLoad
PornMegaLoad.19.08.19.Leka.Buttplugs.And.Bush.XXX.1080p.mp4,PornMegaLoad
PornMegaLoad.19.08.20.Camilla.Get.To.Know.Camilla.After.She.Cums.XXX.1080p.mp4,PornMegaLoad
PornMegaLoad.19.08.20.Charli.Adams.Charlis.Toy.Show.XXX.1080p.mp4,PornMegaLoad
PornMegaLoad.19.08.20.Jasmine.Shiraz.Hot.Body.Girl.XXX.1080p.mp4,PornMegaLoad
PornMegaLoad.19.08.21.Allie.Addison.Curly-Haired.Teen.Fuck.Doll.XXX.1080p.mp4,PornMegaLoad
PornMegaLoad.19.08.22.Charli.Adams.Charli.Is.On.The.BBC.XXX.1080p.mp4,PornMegaLoad
PornMegaLoad.19.08.22.Kim.Velez.Hot.Bikini.Girls.Slippery.Nipples.XXX.1080p.mp4,PornMegaLoad
PornMegaLoad.19.08.22.Loida.A.Sucker.For.A.Sucker.XXX.1080p.mp4,PornMegaLoad
PornMegaLoad.19.08.27.Cammille.Austin.Very.Big.Little.Surprise.XXX.1080p.mp4,PornMegaLoad
PornMegaLoad.19.08.27.Carrie.Anne.Alone.With.Carrie.XXX.1080p.mp4,PornMegaLoad
PornMegaLoad.19.09.05.Jenni.Noble.Jennis.Tits.XXX.1080p.mp4,PornMegaLoad
PornMegaLoad.19.09.12.Cashmere.The.Nerd.Has.A.BBC.For.Cashmere.XXX.1080p.mp4,PornMegaLoad
PornMegaLoad.19.09.12.Nina.Bell.Whos.Fucking.Nina.You.XXX.1080p.mp4,PornMegaLoad
PornMegaLoad.19.09.13.Ivanna.Lace.Sweet.Ecstasy.XXX.1080p.mp4,PornMegaLoad
PornMegaLoad.19.09.17.Amanda.Ryder.Getting.To.Know.Amanda.XXX.1080p.mp4,PornMegaLoad
PornMegaLoad.16.08.04.Molly.Maracas.A.Quiet.Country.Girl.Who.Loves.Cum.XXX.1080p.mp4,PornMegaLoad
PornMegaLoad.19.09.24.Mandy.Thai.Cum.To.Mandy.XXX.1080p.mp4,PornMegaLoad
PornMegaLoad.14.10.16.Kim.Anh.And.Scarlet.Andrews.Cum.For.Scarlet.And.Kim.XXX.1080p.MP4-KTR 2.mp4,PornMegaLoad
PornstarPlatinum.19.01.13.Charlotte.Sartre.Black.Cock.In.My.Tight.Ass.XXX.1080p.mp4,PornstarPlatinum
PornstarPlatinum.19.09.03.Dee.Williams.Massive.Cock.For.Me.XXX.2160p.mp4,PornstarPlatinum
PornstarPlatinum.19.09.13.Sexy.Vanessa.My.Big.Mouthful.XXX.2160p.mp4,PornstarPlatinum
PornstarPlatinum.19.09.25.Lee.Red.And.Mindi.Mink.Big.Fake.Cum.Load.For.Lee.XXX.720p.mp4,PornstarPlatinum
PrivateSociety.19.07.10.Exploring.Brendas.Butt.XXX.720p.mp4,PrivateSociety
PrivateSociety.19.09.07.Some.Black.On.Black.XXX.720p.mp4,PrivateSociety
PrivateSociety.19.09.25.Hello.Kansas.City.XXX.720p.mp4,PrivateSociety
PUBA.18.10.01.Nadia.White.Takes.BBC.XXX.1080p.mp4,PUBA
PublicDisgrace.18.12.24.Mz.Berlin.And.Candela.X.XXX.720p.MP4-KTR-Pornfuscated.mp4,PublicDisgrace
PureMature.19.06.14.Kit.Mercer.Black.Fantasy.XXX.1080p.mp4,PureMature
Puretaboo.17.09.12.Kimber.Woods.and.Erica.Lauren.Stretching.For.Daddy.XXX.1080p.mp4,Puretaboo
QueenSnake-Punching.Bag_.Holly.19.08.mp4,QueenSnake
RadicalJizzlam.E01.The.Caliph.Wept.XXX.1080p.mp4,RadicalJizzlam
RadicalJizzlam.E02.Radical.Jizzlam.Spreads.XXX.1080p.mp4,RadicalJizzlam
RadicalJizzlam.E03.Troubled.Soul.XXX.1080p.mp4,RadicalJizzlam
RadicalJizzlam.E04.The.Caliph.Converts.Another.Jizzlam.XXX.1080p.mp4,RadicalJizzlam
RadicalJizzlam.E05.No.Need.For.Converting.XXX.1080p.mp4,RadicalJizzlam
RadicalJizzlam.E06.She.Desecrated.Our.Sacred.Rug.XXX.1080p.mp4,RadicalJizzlam
RadicalJizzlam.E07.Conversion.Therapy.XXX.1080p.mp4,RadicalJizzlam
RadicalJizzlam.E08.After.The.Fast.XXX.1080p.mp4,RadicalJizzlam
RadicalJizzlam.E09.Conversion.Lesson.XXX.1080p.mp4,RadicalJizzlam
RadicalJizzlam.E10.Immaculate.Conception.XXX.1080p.mp4,RadicalJizzlam
RadicalJizzlam.E11.Bow.And.Take.Your.Punishment.XXX.1080p.mp4,RadicalJizzlam
RadicalJizzlam.E12.Spiritual.Guidance.XXX.1080p.mp4,RadicalJizzlam
RadicalJizzlam.E13.Jizzlam.Accepts.All.Lost.Souls.XXX.1080p.mp4,RadicalJizzlam
RealAgent.19.05.14.Threesome.Lesbian.Workout.XXX.1080p.mp4,RealAgent
Ruth Blackwell doesnt like White Guys - Porn Video 901  Tube8.mp4,RuthBlackwell
Lexi Leigh And Ruth Blackwell Love Sharing An Enormous Black.mp4,RuthBlackwell
Ruth Blackwell - 06e87035f4eb43166922c95513c2f3781408946708-640-480-900-h264.mp4,RuthBlackwell
Ruth blackwell - 2040222_480x320_400k.mp4,RuthBlackwell
Ruth Blackwell - 480P_600K_195142301.mp4,RuthBlackwell
Ruth Blackwell - 7b4c303e06994a77a2a60c2b3335375a1408248908-640-480-900-h264.mp4,RuthBlackwell
Ruth Blackwell - 95385.mp4,RuthBlackwell
Ruth Blackwell - India Summer - Bing video.mp4,RuthBlackwell
Ruth Blackwell - Kaci Starr - Bing video.mp4,RuthBlackwell
Ruth Blackwell - remote_control.php (1).mp4,RuthBlackwell
Ruth Blackwell - Ruth Blackwell - 261146-320p.mp4,RuthBlackwell
Ruth Blackwell - Trinity Post - Bing video.mp4,RuthBlackwell
SeeMomSuck.Part1.Pack.wmv,SeeMomSuck
SeeMomSuck.Part1.Pack.XXX-U4A 10.wmv,SeeMomSuck
SeeMomSuck.Part1.Pack.XXX-U4A 11.wmv,SeeMomSuck
SeeMomSuck.Part1.Pack.XXX-U4A 12.wmv,SeeMomSuck
SeeMomSuck.Part1.Pack.XXX-U4A 13.wmv,SeeMomSuck
SeeMomSuck.Part1.Pack.XXX-U4A 14.wmv,SeeMomSuck
SeeMomSuck.Part1.Pack.XXX-U4A 15.wmv,SeeMomSuck
SeeMomSuck.Part1.Pack.XXX-U4A 16.wmv,SeeMomSuck
SeeMomSuck.Part1.Pack.XXX-U4A 17.wmv,SeeMomSuck
SeeMomSuck.Part1.Pack.XXX-U4A 18.wmv,SeeMomSuck
SeeMomSuck.Part1.Pack.XXX-U4A 19.wmv,SeeMomSuck
SeeMomSuck.Part1.Pack.XXX-U4A 2.wmv,SeeMomSuck
SeeMomSuck.Part1.Pack.XXX-U4A 20.wmv,SeeMomSuck
SeeMomSuck.Part1.Pack.XXX-U4A 21.wmv,SeeMomSuck
SeeMomSuck.Part1.Pack.XXX-U4A 22.wmv,SeeMomSuck
SeeMomSuck.Part1.Pack.XXX-U4A 23.wmv,SeeMomSuck
SeeMomSuck.Part1.Pack.XXX-U4A 24.wmv,SeeMomSuck
SeeMomSuck.Part1.Pack.XXX-U4A 25.wmv,SeeMomSuck
SeeMomSuck.Part1.Pack.XXX-U4A 26.wmv,SeeMomSuck
SeeMomSuck.Part1.Pack.XXX-U4A 27.wmv,SeeMomSuck
SeeMomSuck.Part1.Pack.XXX-U4A 28.wmv,SeeMomSuck
SeeMomSuck.Part1.Pack.XXX-U4A 29.wmv,SeeMomSuck
SeeMomSuck.Part1.Pack.XXX-U4A 3.wmv,SeeMomSuck
SeeMomSuck.Part1.Pack.XXX-U4A 30.wmv,SeeMomSuck
SeeMomSuck.Part1.Pack.XXX-U4A 31.wmv,SeeMomSuck
SeeMomSuck.Part1.Pack.XXX-U4A 32.wmv,SeeMomSuck
SeeMomSuck.Part1.Pack.XXX-U4A 33.wmv,SeeMomSuck
SeeMomSuck.Part1.Pack.XXX-U4A 34.wmv,SeeMomSuck
SeeMomSuck.Part1.Pack.XXX-U4A 35.wmv,SeeMomSuck
SeeMomSuck.Part1.Pack.XXX-U4A 36.wmv,SeeMomSuck
SeeMomSuck.Part1.Pack.XXX-U4A 37.wmv,SeeMomSuck
SeeMomSuck.Part1.Pack.XXX-U4A 38.wmv,SeeMomSuck
SeeMomSuck.Part1.Pack.XXX-U4A 39.wmv,SeeMomSuck
SeeMomSuck.Part1.Pack.XXX-U4A 4.wmv,SeeMomSuck
SeeMomSuck.Part1.Pack.XXX-U4A 40.wmv,SeeMomSuck
SeeMomSuck.Part1.Pack.XXX-U4A 41.wmv,SeeMomSuck
SeeMomSuck.Part1.Pack.XXX-U4A 42.wmv,SeeMomSuck
SeeMomSuck.Part1.Pack.XXX-U4A 43.wmv,SeeMomSuck
SeeMomSuck.Part1.Pack.XXX-U4A 44.wmv,SeeMomSuck
SeeMomSuck.Part1.Pack.XXX-U4A 45.wmv,SeeMomSuck
SeeMomSuck.Part1.Pack.XXX-U4A 46.wmv,SeeMomSuck
SeeMomSuck.Part1.Pack.XXX-U4A 47.wmv,SeeMomSuck
SeeMomSuck.Part1.Pack.XXX-U4A 48.wmv,SeeMomSuck
SeeMomSuck.Part1.Pack.XXX-U4A 49.wmv,SeeMomSuck
SeeMomSuck.Part1.Pack.XXX-U4A 5.wmv,SeeMomSuck
SeeMomSuck.Part1.Pack.XXX-U4A 50.wmv,SeeMomSuck
SeeMomSuck.Part1.Pack.XXX-U4A 6.wmv,SeeMomSuck
SeeMomSuck.Part1.Pack.XXX-U4A 7.wmv,SeeMomSuck
SeeMomSuck.Part1.Pack.XXX-U4A 8.wmv,SeeMomSuck
SeeMomSuck.Part1.Pack.XXX-U4A 9.wmv,SeeMomSuck
SeeMomSuck.Part2.Pack.mp4,SeeMomSuck
SeeMomSuck.Part2.Pack.wmv,SeeMomSuck
SeeMomSuck.Part2.Pack.XXX-U4A 10.mp4,SeeMomSuck
SeeMomSuck.Part2.Pack.XXX-U4A 11.wmv,SeeMomSuck
SeeMomSuck.Part2.Pack.XXX-U4A 12.mp4,SeeMomSuck
SeeMomSuck.Part2.Pack.XXX-U4A 13.wmv,SeeMomSuck
SeeMomSuck.Part2.Pack.XXX-U4A 14.mp4,SeeMomSuck
SeeMomSuck.Part2.Pack.XXX-U4A 15.mp4,SeeMomSuck
SeeMomSuck.Part2.Pack.XXX-U4A 16.wmv,SeeMomSuck
SeeMomSuck.Part2.Pack.XXX-U4A 17.wmv,SeeMomSuck
SeeMomSuck.Part2.Pack.XXX-U4A 18.mp4,SeeMomSuck
SeeMomSuck.Part2.Pack.XXX-U4A 19.wmv,SeeMomSuck
SeeMomSuck.Part2.Pack.XXX-U4A 2.mp4,SeeMomSuck
SeeMomSuck.Part2.Pack.XXX-U4A 20.mp4,SeeMomSuck
SeeMomSuck.Part2.Pack.XXX-U4A 21.wmv,SeeMomSuck
SeeMomSuck.Part2.Pack.XXX-U4A 22.wmv,SeeMomSuck
SeeMomSuck.Part2.Pack.XXX-U4A 23.mp4,SeeMomSuck
SeeMomSuck.Part2.Pack.XXX-U4A 24.mp4,SeeMomSuck
SeeMomSuck.Part2.Pack.XXX-U4A 25.mp4,SeeMomSuck
SeeMomSuck.Part2.Pack.XXX-U4A 26.mp4,SeeMomSuck
SeeMomSuck.Part2.Pack.XXX-U4A 27.wmv,SeeMomSuck
SeeMomSuck.Part2.Pack.XXX-U4A 28.wmv,SeeMomSuck
SeeMomSuck.Part2.Pack.XXX-U4A 29.wmv,SeeMomSuck
SeeMomSuck.Part2.Pack.XXX-U4A 3.mp4,SeeMomSuck
SeeMomSuck.Part2.Pack.XXX-U4A 30.wmv,SeeMomSuck
SeeMomSuck.Part2.Pack.XXX-U4A 31.mp4,SeeMomSuck
SeeMomSuck.Part2.Pack.XXX-U4A 32.wmv,SeeMomSuck
SeeMomSuck.Part2.Pack.XXX-U4A 33.mp4,SeeMomSuck
SeeMomSuck.Part2.Pack.XXX-U4A 34.mp4,SeeMomSuck
SeeMomSuck.Part2.Pack.XXX-U4A 35.wmv,SeeMomSuck
SeeMomSuck.Part2.Pack.XXX-U4A 36.mp4,SeeMomSuck
SeeMomSuck.Part2.Pack.XXX-U4A 37.mp4,SeeMomSuck
SeeMomSuck.Part2.Pack.XXX-U4A 38.mp4,SeeMomSuck
SeeMomSuck.Part2.Pack.XXX-U4A 39.mp4,SeeMomSuck
SeeMomSuck.Part2.Pack.XXX-U4A 4.mp4,SeeMomSuck
SeeMomSuck.Part2.Pack.XXX-U4A 40.wmv,SeeMomSuck
SeeMomSuck.Part2.Pack.XXX-U4A 41.wmv,SeeMomSuck
SeeMomSuck.Part2.Pack.XXX-U4A 42.mp4,SeeMomSuck
SeeMomSuck.Part2.Pack.XXX-U4A 43.mp4,SeeMomSuck
SeeMomSuck.Part2.Pack.XXX-U4A 44.mp4,SeeMomSuck
SeeMomSuck.Part2.Pack.XXX-U4A 45.mp4,SeeMomSuck
SeeMomSuck.Part2.Pack.XXX-U4A 6.wmv,SeeMomSuck
SeeMomSuck.Part2.Pack.XXX-U4A 7.mp4,SeeMomSuck
SeeMomSuck.Part2.Pack.XXX-U4A 8.mp4,SeeMomSuck
SeeMomSuck.Part2.Pack.XXX-U4A 9.mp4,SeeMomSuck
SexAndSubmission.19.09.27.Elle.Voneva.XXX.720p.mp4,SexAndSubmission
SexArt.19.03.22.Adel.Morel.And.Jia.Lissa.Waves.Of.Pleasure.XXX.1080p.mp4,SexArt
SexMex.19.03.14.Gianna.Michaels.Sweet.Pussy.XXX.1080p.mp4,SexMex
seb.16.08.01.katy.kiss.mp4,SexuallyBroken
seb.16.10.31.katy.kiss.mp4,SexuallyBroken
Annie.Cruz-Sexually.Broken-sexuallybroken.12.09.mp4,SexuallyBroken
PrivateSociety.19.04.15.Heidi.Goes.Black.Again.XXX.720p.mp4,SexuallyBroken
SpankMonster.19.09.05.Mabel.May.XXX.1080p.mp4,SpankMonster
Submissived.19.01.28.Lola.Chanel.Kink.In.Her.Pink.XXX.1080p.mp4,Submissived
Lydia.Black.&.Ariel.X.-.Submissive.X.-.submissivex.-.18.12.mp4,SubmissiveX
Swallowed.18.11.27.Arietta.Adams.XXX.1080p.mp4,Swallowed
Swallowed.19.03.02.Arietta.Adams.And.Melody.Marks.XXX.1080p.mp4,Swallowed
SwallowSalon.17.10.06.Whitney.Wright.2.XXX.1080p.mp4,SwallowSalon
SweetyX.E61.Keoki.Star.And.Sia.Siberia.Blue.And.Pink.Anal.Teens.XXX.1080p.mp4,SweetyX
TabooPOV.19.09.01.Anastasia.Rose.XXX.720p.mp4,TabooPOV
TeasePOV.19.09.17.Lovita.Fate.XXX.1080p.mp4,TeasePOV
Teenikini.E81.Anastasia.Knight.And.Chole.Cherry.Climaxing.Kittens.2.XXX.1080p.mp4,Teenikini
TeensLoveHugeCocks.19.09.30.Abella.Danger.How.My.Channel.Got.Banned.XXX.1080p.mp4,TeensLoveHugeCocks
TheMacana.19.02.07.Best.Friend.Sister.Begs.For.Big.11.Inch.Dick.XXX.1080p.mp4,TheMacana
TheMacana.18.10.10.Sara.Jay.I.Need.A.Raise.XXX.1080p.mp4,TheMacana
TheMacana.18.10.11.Ambitious.Booty.Can.She.Handle.The.Dick.Size.XXX.1080p.mp4,TheMacana
TheMacana.18.10.12.Karen.Fisher.Pawg.Love.To.Cheat.On.Her.Man.XXX.1080p.mp4,TheMacana
TheMacana.18.11.14.Dirty.First.Timer.Flor.XXX.1080p.mp4,TheMacana
TheMacana.19.02.28.Big.Booty.Lexxxi.London.Is.A.Savage.XXX.1080p.mp4,TheMacana
TheMacana.19.03.28.Arielle.Moore.Slut.Training.Teen.College.Girl.XXX.1080p.mp4,TheMacana
TheMacana.19.06.23.Lissa.Aires.Big.Booty.Instagram.Model.XXX.1080p.mp4,TheMacana
tuf.16.02.19.simone.sonay.and.katy.kiss.mp4,TheUpperFloor
TheUpperFloor.17.02.07.Penny.Barber.And.Mercy.West.XXX.720p.mp4,TheUpperFloor
TheUpperFloor.18.12.14.Aiden.Starr.Kira.Noir.And.Penny.Pax.XXX.720p.MP4-KTR-Pornfuscated.mp4,TheUpperFloor
TheUpperFloor.19.03.08.Dee.Williams.And.Nikki.Darling.XXX.720p.mp4,TheUpperFloor
ThirdMovies.19.05.07.Arietta.Adams.Squirting.Redhead.Gets.Nailed.On.Couch.XXX.1080p.mp4,ThirdMovies
ThirdMovies.19.07.04.Lexi.Mansfield.Asian.Maid.Takes.It.Hard.XXX.1080p.mp4,ThirdMovies
Throated.19.07.30.Maya.Bijou.Latinas.Skills.XXX.1080p.mp4,Throated
Throated.19.08.23.Izzy.Lush.I.Like.To.Go.Deeper.XXX.1080p.mp4,Throated
Throated.19.09.27.Jenna.Foxx.Black.Beautys.Blowjob.XXX.1080p.mp4,Throated
Tiny4K.19.05.02.Jada.Doll.Cinco.De.Mayo.Celebration.XXX.1080p.mp4,Tiny4K
Tiny4K.16.06.23.Dolly.Little.Redheaded.Play.Mate.XXX.2160p.MP4-KTR 2.mp4,Tiny4K
Tiny4K.18.12.25.Jasmine.Grey.And.Vina.Sky.Tiny.Christmas.Threesome.XXX.2160p.mp4,Tiny4K
Tiny4K.16.06.23.Dolly.Little.Redheaded.Play.Mate.XXX.2160p.mp4,Tiny4K
TopGrl.14.06.16.Hazel.Hypnotic.XXX.720p.mp4,TopGrl
TopGrl.16.02.09.Savannah.Fox.XXX.720p.mp4,TopGrl
TrueAmateurs.19.07.11.Sola.Zola.XXX.1080p.mp4,TrueAmateurs
TrueAmateurs.19.07.13.Monica.Ice.XXX.1080p.mp4,TrueAmateurs
TrueAnal.19.02.22.Arietta.Adams.XXX.XviD-iPT.avi,TrueAnal
UltimateSurrender.13.07.26.Amber.Rayne.And.Serena.Blair.XXX.720p.MP4-KTR 2.mp4,UltimateSurrender
UltimateSurrender.17.05.10.Penny.Barber.Izamar.Gutierrez.And.Mistress.Kara.XXX.720p.MP4-KTR 2 B.mp4,UltimateSurrender
Ultimatesurrender.17.09.27.Ariel.X.and.London.River.XXX.720p.mp4,UltimateSurrender
Ultimate Surrender-2016-02-12 Syd Blakovich & Annie Cruz & Ariel X B.mp4,UltimateSurrender
Ultimate Surrender-2013-03-08 Audrey Hollander and Tia Ling.mp4,UltimateSurrender
UltimateSurrender-2013-07-24-Wenona.and.Dia.Zerva.mp4,UltimateSurrender
UltimateSurrender-2014-01-21-Jayogen..Lyla.Storm..Daisy.Ducati.and.Mona.Wales.mp4,UltimateSurrender
UltimateSurrender.13.03.22.Lyla.Storm.And.Nikki.Darling.XXX.720p.MP4-KTR 2.mp4,UltimateSurrender
UltimateSurrender.13.05.24.Amber.Rayne.And.Lyla.Storm.XXX.720p.mp4,UltimateSurrender
UltimateSurrender.13.07.19.Lyla.Storm.And.Yasmine.Loven.XXX.720p.MP4-KTR 2.mp4,UltimateSurrender
UltimateSurrender.13.11.15.Lyla.Storm.And.Ana.Foxxx.XXX.720p.mp4,UltimateSurrender
UltimateSurrender.14.01.21.Jayjogen.Lyla.Storm.Daisy.Ducati.And.Mona.Wales.XXX.720p.MP4-KTR 2.mp4,UltimateSurrender
UltimateSurrender.14.01.24.Lyla.Storm.And.Alexa.Aimes.XXX.720p.MP4-KTR 2.mp4,UltimateSurrender
UltimateSurrender.14.07.04.Lyla.Storm.And.Rilynn.Rae.XXX.mp4,UltimateSurrender
UltimateSurrender.15.02.06.Lyla.Storm.And.Raven.Rockette.XXX.720p.MP4-KTR 4.mp4,UltimateSurrender
UltimateSurrender.16.02.12.Syd.Blakovich.Annie.Cruz.And.Ariel.X.XXX.B.mp4,UltimateSurrender
UltimateSurrender.16.12.28.Ariel.X.And.Brandi.Mae.XXX.720p.mp4,UltimateSurrender
UltimateSurrender.17.06.07.Ariel.X.And.Penny.Barber.XXX.720p.B.mp4,UltimateSurrender
UltimateSurrender.17.06.07.Ariel.X.And.Penny.Barber.XXX.720p.mp4,UltimateSurrender
UltimateSurrender.17.07.05.Mona.Wales.And.Penny.Barber.XXX.720p.B.mp4,UltimateSurrender
ultimatesurrender.17.07.12.izamar.gutierrez.and.kelli.provocateur.B.mp4,UltimateSurrender
UltimateSurrender.17.08.02.Penny.Barber.And.Cheyenne.Jewel.XXX.720p.B.mp4,UltimateSurrender
Ultimatesurrender.17.08.16.Annie.Cruz.and.Lux.Lives.XXX.720p.B.mp4,UltimateSurrender
UltimateSurrender.18.02.07.Serene.Siren.And.Kelli.Provocateur.B.mp4,UltimateSurrender
UltimateSurrender.18.06.13.Penny.Barber.And.Johnny.Starlight.XXX.720p.B.mp4,UltimateSurrender
UltimateSurrender.18.07.11.Penny.Barber.And.Mistress.Kara.XXX.720p.B.mp4,UltimateSurrender
us.16.03.11.mistress.kara.and.kelli.provocateur.B.mp4,UltimateSurrender
us.16.07.01.kelli.provocateur.and.mimosa.B.mp4,UltimateSurrender
Ultimate Surrender-2017-10-11 Brandi Bell & Bella Rossi B.mp4,UltimateSurrender
Ultimate Surrender-2017-10-18 Cheyenne Jewel & Serene Siren B.mp4,UltimateSurrender
Ultimate Surrender-2017-10-25 Daisy Ducati & Kacie Castle B.mp4,UltimateSurrender
Ultimate Surrender-2017-11-01 Savannah Fox & Johnny Starlight B.mp4,UltimateSurrender
Ultimate Surrender-2017-11-08 Cheyenne Jewel & Bobbi Dylan B.mp4,UltimateSurrender
Ultimate Surrender-2017-11-29 London River & Bobbi Dylan B.mp4,UltimateSurrender
Ultimate Surrender-2017-12-06 Johnny Starlight & Alexa Nova B.mp4,UltimateSurrender
Ultimate Surrender-2017-12-13 London River & Serene Siren B.mp4,UltimateSurrender
UltimateSurrender.13.03.08.Audrey.Hollander.And.Tia.Ling.XXX.720p.MP4-KTR 2.mp4,UltimateSurrender
UltimateSurrender.13.07.26.Amber.Rayne.And.Serena.Blair.XXX.720p.MP4-KTR 2.mp4,UltimateSurrender
UltimateSurrender.13.07.26.Amber.Rayne.And.Serena.Blair.XXX.720p.mp4,UltimateSurrender
Daughter makes Fuck her best Friend - Pornhubcom.mp4,Unknown
Amber.Rayne.Pack.XXX-U4A\black-in-the-crack-black-in-the-back-2-scene1.avi,Unknown
Lesbian Hardcore Fingering Multiple Orgasms - Bing video.mp4,Unknown
Lesbian Webcam Models doing the thing - Bing video.mp4,Unknown
Lesbian Wrestling with Muscle Babes getting Fucked if they L.mp4,Unknown
Trinity Post like it Black - Bing video.mp4,Unknown
Amai.Liu.Part2.Pack.XXX-U4A 11.mp4,Unknown
Amai.Liu.Part2.Pack.XXX-U4A 15.avi,Unknown
Amai.Liu.Part2.Pack.XXX-U4A 23.wmv,Unknown
Amai.Liu.Part2.Pack.XXX-U4A 25.mp4,Unknown
Amai.Liu.Part2.Pack.XXX-U4A 26.wmv,Unknown
Amai.Liu.Part2.Pack.XXX-U4A 27.wmv,Unknown
Amai.Liu.Part2.Pack.XXX-U4A 31.mp4,Unknown
Amai.Liu.Part2.Pack.XXX-U4A 32.wmv,Unknown
Amai.Liu.Part2.Pack.XXX-U4A 33.wmv,Unknown
Amai.Liu.Part2.Pack.XXX-U4A 34.wmv,Unknown
Amai.Liu.Part2.Pack.XXX-U4A 35.wmv,Unknown
Amai.Liu.Part2.Pack.XXX-U4A 36.wmv,Unknown
Amai.Liu.Part2.Pack.XXX-U4A 37.wmv,Unknown
Amai.Liu.Part2.Pack.XXX-U4A 38.wmv,Unknown
Amai.Liu.Part2.Pack.XXX-U4A 39.mp4,Unknown
Amai.Liu.Part2.Pack.XXX-U4A 4.avi,Unknown
Amai.Liu.Part2.Pack.XXX-U4A 40.avi,Unknown
Amai.Liu.Part2.Pack.XXX-U4A 41.mp4,Unknown
Amai.Liu.Part2.Pack.XXX-U4A 42.mp4,Unknown
Amai.Liu.Part2.Pack.XXX-U4A 6.mp4,Unknown
Amai.Liu.Part2.Pack.XXX-U4A 7.wmv,Unknown
Amai.Liu.Part2.Pack.XXX-U4A 8.mp4,Unknown
Amai.Liu.Part2.Pack.XXX-U4A 9.avi,Unknown
Red Head Katy Kiss Struggling in Belts Bondage Orgasm - Pornhubcom.mp4,Unknown
Amber.Rayne.Pack.XXX-U4A\jerk-and-swallow-2-scene11.mp4,Unknown
1330974_1920x1080_4000k.mp4,Unknown
15293.mp4.mp4,Unknown
34006.mp4.mp4,Unknown
480P_600K_148917572.mp4,Unknown
48778.mp4.mp4,Unknown
58768.mp4.mp4,Unknown
64146.mp4.mp4,Unknown
Alyssa Hart lets her stepdaddy cum inside her - Bing video.mp4,Unknown
Amai.Liu.Part2.Pack.avi,Unknown
Amai.Liu.Part2.Pack.wmv,Unknown
Amai.Liu.Part2.Pack.XXX-U4A 5.mp4,Unknown
Amber.Rayne.Pack.XXX-U4A\all-aboard-the-gangbang-train-scene4.mp4,Unknown
Amber.Rayne.Pack.XXX-U4A\all-about-amber-scene2.mp4,Unknown
Amber.Rayne.Pack.XXX-U4A\all-about-amber-scene3.mp4,Unknown
Amber.Rayne.Pack.XXX-U4A\all-about-amber-scene4.mp4,Unknown
Amber.Rayne.Pack.XXX-U4A\all-out-anal-3-scene3.mp4,Unknown
Amber.Rayne.Pack.XXX-U4A\amateur-anal-attemps-10-scene2.mp4,Unknown
Amber.Rayne.Pack.XXX-U4A\anal-recruiters-scene3.mp4,Unknown
Amber.Rayne.Pack.XXX-U4A\assmaniacs-scene2.mp4,Unknown
Amber.Rayne.Pack.XXX-U4A\bad-news-bitches-3-scene2.mp4,Unknown
Amber.Rayne.Pack.XXX-U4A\bad-news-bitches-3-scene3.mp4,Unknown
Amber.Rayne.Pack.XXX-U4A\bait-5-scene2.mp4,Unknown
Amber.Rayne.Pack.XXX-U4A\be-my-bitch-5-scene2.mp4,Unknown
Amber.Rayne.Pack.XXX-U4A\black-cocks-tiny-teens-8-scene5.mp4,Unknown
Amber.Rayne.Pack.XXX-U4A\black-dicks-in-white-chicks-13-bonus-scene1.mp4,Unknown
Amber.Rayne.Pack.XXX-U4A\black-dicks-in-white-chicks-13-scene1.mp4,Unknown
Amber.Rayne.Pack.XXX-U4A\britney-and-whitney-stevens-scene1.mp4,Unknown
Amber.Rayne.Pack.XXX-U4A\cockaholics-anonymous-2-scene4.mp4,Unknown
Amber.Rayne.Pack.XXX-U4A\come-play-with-me-2-scene1.mp4,Unknown
Amber.Rayne.Pack.XXX-U4A\cream-my-crack-2-scene2.mp4,Unknown
Amber.Rayne.Pack.XXX-U4A\creampie-surprise-8-scene1.mp4,Unknown
Amber.Rayne.Pack.XXX-U4A\cuckolded-on-my-wedding-day-scene2.mp4,Unknown
Amber.Rayne.Pack.XXX-U4A\cum-drinkers-2-scene1.mp4,Unknown
Amber.Rayne.Pack.XXX-U4A\fantasy-handjobs-2-scene2.mp4,Unknown
Amber.Rayne.Pack.XXX-U4A\fill-her-up-3-scene5.mp4,Unknown
Amber.Rayne.Pack.XXX-U4A\fuck-me-black-scene3.mp4,Unknown
Amber.Rayne.Pack.XXX-U4A\ghost-whispers-scene1.mp4,Unknown
Amber.Rayne.Pack.XXX-U4A\handjob-heaven-scene8.mp4,Unknown
Amber.Rayne.Pack.XXX-U4A\hardcore-whores-4-scene2.mp4,Unknown
Amber.Rayne.Pack.XXX-U4A\head-game-3-scene5.mp4,Unknown
Amber.Rayne.Pack.XXX-U4A\her-first-lesbian-experience-scene2.mp4,Unknown
Amber.Rayne.Pack.XXX-U4A\home-invasion-scene2.mp4,Unknown
Amber.Rayne.Pack.XXX-U4A\i-like-it-black-and-deep-in-my-ass-6-scene5.mp4,Unknown
Amber.Rayne.Pack.XXX-U4A\i-married-a-slut-3-scene4.mp4,Unknown
Amber.Rayne.Pack.XXX-U4A\i-want-to-blow-your-dad-scene1.mp4,Unknown
Amber.Rayne.Pack.XXX-U4A\in-your-face-4-scene1.mp4,Unknown
Amber.Rayne.Pack.XXX-U4A\interracial-lust-4-scene3.avi,Unknown
Amber.Rayne.Pack.XXX-U4A\ive-been-sodomized-3-scene5.mp4,Unknown
Amber.Rayne.Pack.XXX-U4A\lesbian-mechanics-scene4.mp4,Unknown
Amber.Rayne.Pack.XXX-U4A\lesbians-love-sex-2-scene2.mp4,Unknown
Amber.Rayne.Pack.XXX-U4A\lesbians-love-sex-scene4.mp4,Unknown
Amber.Rayne.Pack.XXX-U4A\mommy-and-me-and-a-black-man-makes-3-scene2.mp4,Unknown
Amber.Rayne.Pack.XXX-U4A\monster-cock-pov-6-scene1.mp4,Unknown
Amber.Rayne.Pack.XXX-U4A\my-big-black-stepdad-2-scene2.mp4,Unknown
Amber.Rayne.Pack.XXX-U4A\not-so-innocent-teens-scene4.mp4,Unknown
Amber.Rayne.Pack.XXX-U4A\semen-gobblers-3-scene2.avi,Unknown
Amber.Rayne.Pack.XXX-U4A\send-it-down-scene5.mp4,Unknown
Amber.Rayne.Pack.XXX-U4A\sick-girls-need-sick-boys-2-scene4.mp4,Unknown
Amber.Rayne.Pack.XXX-U4A\slam-bam-scene3.avi,Unknown
Amber.Rayne.Pack.XXX-U4A\stick-it-up-your-ass-scene4.mp4,Unknown
Amber.Rayne.Pack.XXX-U4A\stripped-spread-stretched-4-scene1.avi,Unknown
Amber.Rayne.Pack.XXX-U4A\stripped-spread-stretched-5-scene2.mp4,Unknown
Amber.Rayne.Pack.XXX-U4A\swallowing-anal-whores-3-scene4.mp4,Unknown
Amber.Rayne.Pack.XXX-U4A\throat-gaggers-13-scene10.mp4,Unknown
Amber.Rayne.Pack.XXX-U4A\throat-meat-scene6.mp4,Unknown
Amber.Rayne.Pack.XXX-U4A\throated-12-scene6.avi,Unknown
Amber.Rayne.Pack.XXX-U4A\vampiress-scene2.mp4,Unknown
Amber.Rayne.Pack.XXX-U4A\vampiress-scene3.mp4,Unknown
Amber.Rayne.Pack.XXX-U4A\young-harlots-gangbang-scene1.mp4,Unknown
Anal Machine Fucks her Ass Hard - Bing video.mp4,Unknown
Anal Witch - Retired Video - Bing video.mp4,Unknown
Angie Summers - Angie Cumblast City - Bing video.mp4,Unknown
Angie Summers - Mature Woman Jerking A Dick .mp4,Unknown
BBC 12 Inch Anal in Tight Asshole - Bing video.mp4,Unknown
BeBo-Mommy.Will.Give.You.mp4,Unknown
Bella Blue BBW - BBW Schoolgirl Anal and Spanks - Pornhubcom.mp4,Unknown
Bella Blue BBW - Kittykay86 - Pornhubcom.mp4,Unknown
Bella Blue BBW - Nerdy BBW Huge cock Creampie - Pornhubcom.mp4,Unknown
Bella Blue BBW - YouPorn_-_bbw-cam-model-anal-fucking.mp4,Unknown
Bettie Bondage - 480P_2000K_136981812.mp4,Unknown
Bettie Bondage - 480P_2000K_170837381.mp4,Unknown
Bettie Bondage - 480P_2000K_178574641.mp4,Unknown
Bettie Bondage - 480P_2000K_187178992.mp4,Unknown
Big Black Cock Addiction 9-cd1.avi,Unknown
Big Black Cock Addiction 9-cd2.avi,Unknown
Big Black Cock Addiction 9-cd3.avi,Unknown
Black attack white ass - Bing video.mp4,Unknown
Black Lesbians Dominating White Girls - Interracial Music Co.mp4,Unknown
Bunnie's Sweet Dripping Wet Relief Teen Squirting in My Hote.mp4,Unknown
Busty Tina - 68837_hq.mp4,Unknown
Albino Ice sucks and fucks - Bing video.mp4,Unknown
Andee southern charms xhamster - Bing video.mp4,Unknown
bodybuilder gets dominated by wrestler and made to cum - Bin.mp4,Unknown
British Granny Plays and Talks Dirty - Bing video.mp4,Unknown
Candy Skullz Deepthroat Training until She Pukes - Bing vide.mp4,Unknown
Cute and skinny brunette with a BBC - Bing video.mp4,Unknown
David and Goliath - Bing video.mp4,Unknown
DEB - Bing video.mp4,Unknown
Deepthroating Bad Dragon Chance Unflared Blowjob Gagging - B.mp4,Unknown
Domme Granny Spanks the Maid - Bing video.mp4,Unknown
Gagging Hard on Bad Dragon Dildo Mirror BlowJob in Bondage -.mp4,Unknown
Good Morning Wood! - Bing video.mp4,Unknown
Grannies Geraldine (71) and Bethany (59) - Bing video.mp4,Unknown
Granny Gets Her Throat Wrecked By BBC - More at cuntcams.net.mp4,Unknown
Granny has big black cock - Bing video.mp4,Unknown
Granny Throatfucked Into Submission - More at cuntcams.net -.mp4,Unknown
Grannys Gangbang - Bing video.mp4,Unknown
Hillary - Bing video.mp4,Unknown
Horse Dildo Fucking Covered with Cum (Bad Dragon) - Bing vid.mp4,Unknown
Hot Skinny Girl Rides Monster Dildo on Cam - Bing video.mp4,Unknown
Inseminated by my Best Friend's Son - Bing video-1.mp4,Unknown
Inseminated by my Best Friend's Son - Bing video.mp4,Unknown
Jill - Bing video-1.mp4,Unknown
Jill - Bing video.mp4,Unknown
Jilly - Hairy granny - Bing video.mp4,Unknown
Kinky blonde loves stretching her ass - Bing video.mp4,Unknown
Mature Blonde Presley St Claire Wrecked By BBC Rome Major! -.mp4,Unknown
Mature Freak Talking Dirty and Swallowing - Bing video.mp4,Unknown
Mature SSBBW doggystyle - Bing video-1.mp4,Unknown
Mature SSBBW doggystyle - Bing video.mp4,Unknown
Mommy Afton - Cum on Mommy's Clevage - Bing video.mp4,Unknown
Mommy Afton - Mommy Wants To Make Your Day - Bing video.mp4,Unknown
Mommy Afton Needs Your Cock - Bing video.mp4,Unknown
Mommy Cheating On Hubby With Their Son - Bing video.mp4,Unknown
More sexy Jill - Bing video.mp4,Unknown
Muscular dyke fucks submissive chick with strap on during wo.mp4,Unknown
Oral Angie 002 - Bing video.mp4,Unknown
Pass The Buck - Bing video.mp4,Unknown
Petite Emo Catholic Teen Fucks Bad Dragon Dildo after Church.mp4,Unknown
PORNLANDVIDEOS Anal orgasm and dirty talk with redhead slut .mp4,Unknown
Puzzy Bandit 79 Gang Bang Presley St Clair - Bing video.mp4,Unknown
Racist White Girl Fucks BBC - Bing video.mp4,Unknown
redhead teen cums hardcore riding dildo and Hitachi - Bing v.mp4,Unknown
"Sally D Angelo, Presley st Claire Golden Girls love Bi.mp4",Unknown
She Gags Hard When I Cum Down Her Throat - Bing video.mp4,Unknown
Skinny White Disabled Girl Fucks Tight Pussy & Ass with Bad .mp4,Unknown
Skinny White Teen Lusting for BBC - Bing video.mp4,Unknown
Slutwife Sucks Big Cock and Gets Massive Facial - Bing video.mp4,Unknown
spanking FF - Bing video.mp4,Unknown
submissiveplz and a dildo - Bing video.mp4,Unknown
Sue fucking - Bing video.mp4,Unknown
Trinity Post Gets Anal Creampie From A Huge BBC - Bing video-1.mp4,Unknown
Trinity Post Gets Anal Creampie From A Huge BBC - Bing video.mp4,Unknown
Trinity Post in Anal Wreckage 6 - Bing video.mp4,Unknown
Two lesbian butches having anal sex - Bing video.mp4,Unknown
Upskirt School Teacher Big Clit - Bing video.mp4,Unknown
village ladies full version - Bing video.mp4,Unknown
Vintage Stripping from three Mature Village Ladies - Bing vi.mp4,Unknown
Welcome from the Village Ladies - Bing video.mp4,Unknown
What is her name - Bing video.mp4,Unknown
white butch dyke stud bitch fucked in video store by bbc - B.mp4,Unknown
Wife's First Big Dick - Bing video.mp4,Unknown
Zoe Zane is a Cum Whore - Bing video.mp4,Unknown
Candice Cox - 2 COCKSUCKERS CUMSWAP THE POP - BrandonIroncom - Pornhubcom.mp4,Unknown
Catherine Can - Afternoon Dildo Fuck - Pornhubcom.mp4,Unknown
Close up Pussy Fucking with Bad Dragon and Sex Machine - Bin.mp4,Unknown
Curvy Sharon - 2468435-320p.mp4,Unknown
Curvy Sharon - 480P_600K_77641241.mp4,Unknown
Curvy Sharon - Aunty BBW making you hard - Bing video.mp4,Unknown
Dad fucks his little nerdy girl in the ass - Bing video.mp4,Unknown
Darling vs Yana Strapon - Bing video.mp4,Unknown
DDew - 42faa3a1e196560ae3bea8b1e7477a66-480-360-559-h264.mp4,Unknown
Dear Departed Granny Solo 1 - Pornhubcom.mp4,Unknown
Dia Zerva vin and fucks Dragon Lilly very hard - Bing video.mp4,Unknown
Dia Zerva vs Ariel X - Bing video.mp4,Unknown
Dia Zerva vs Dragon Lily! MUST SEE! - Bing video.mp4,Unknown
Allie James and Erica Lauren Discovers Black Cock  Redtube Free Big Tits Porn.mp4,Unknown
Asa.Akira-Jules.Jordan-2011.05.01-Anal.Delights-W.Tia.Ling..Jules.mp4,Unknown
Dee Siren Do Everything For Her Daughters Graduation  Redtube Free MILF Porn.mp4,Unknown
Dogfart.mp4,Unknown
"Exotic pornstars Ariel X and Dia Zerva in crazy lesbian, mas.mp4",Unknown
Exotic pornstars Morgan Ray and Dia Zerva in incredible lesb.mp4,Unknown
Granny Solo 2 - Pornhubcom.mp4,Unknown
Granny Solo 4 - Pornhubcom.mp4,Unknown
Granny Solo 5 - Pornhubcom.mp4,Unknown
HARD ANAL and Gagging ATM Deepthroat on Blonde Camwhore Butt.mp4,Unknown
High school trailer park girl doing dirty things - Bing vide(1).mp4,Unknown
Hot Teen Seduces Sucks and Fucks Cock - Bing video.mp4,Unknown
Izamar Gutierrez & Dia Zerva - Bing video.mp4,Unknown
Jenova Kitty - 4679952-720p.mp4,Unknown
Jenova Kitty - Watch Free jenovakitty - redhead plays with toys Webcam Porn.mp4,Unknown
Katie.Kush.Extreme.Bondage.mp4,Unknown
Kianna.Dior.Busty.Asian.Cum.Slut.5.XXX.DVDRip.mp4,Unknown
KK-Family.mp4,Unknown
Lexi Leigh - 480P_600K_114922421.mp4,Unknown
Lexi Leigh - 480P_600k_25804791.mp4,Unknown
Lexi Leigh - Lexi Leigh 2  vPorn.mp4,Unknown
Lexi Leigh - Lexi Leigh loves black cock - Pornhubcom.mp4,Unknown
Lexi Leigh - mp4_ultra_32480.mp4,Unknown
Lexi Leigh - vl_mp4_ultra_480p_2851951.mp4,Unknown
Lexi Leigh -2547282_hq.mp4,Unknown
Lexi Leigh -480P_600K_115614571.mp4,Unknown
lexi_leigh_full.avi,Unknown
MA.Nympho.Volume.3.HFR.HD.1080p.HDL 4.mp4,Unknown
MA.Nympho.Volume.3.HFR.HD.1080p.HDL 6.mp4,Unknown
MA.Nympho.Volume.3.HFR.HD.1080p.HDL 9.mp4,Unknown
MA.Nympho.Volume.3.HFR.HD.1080p.mp4,Unknown
720P_1500K_164538931.mp4,Unknown
720P_4000K_161487272.mp4.mp4,Unknown
Adorable Ebony Fuckdoll - Free Porn Videos - YouPorn.mp4,Unknown
Bettie Bondage - Moms Hot Friend Fucks You  Redtube Free Amateur Porn.mp4,Unknown
Bettie Bondage - Moms Twerk Lesson Creampie Pov Virtual - Free Porn Videos - YouPorn.mp4,Unknown
Costume Party Hookup (Full Version)  Redtube Free Masturbation Porn.mp4,Unknown
Cowpunk Lindsey - FREE FREE Lindsey Gets worked teaser.mp4,Unknown
Cowpunk Lindsey - New Toy Mocha Horse Cock with two Cream.mp4,Unknown
Gagging Hard on Bad Dragon Dildo Mirror BlowJob in Bondage - Pornhubcom.mp4,Unknown
Gartersex - its my birthday huge cock fuck.mp4,Unknown
Gartersex - mommy has a gang bang kinky fantasy.mp4,Unknown
Gartersex - mommy sucks and fucks the cum out of you.mp4,Unknown
Gartersex - Naked  Moaning fuck HUGE horse cock.mp4,Unknown
Gartersex - naughty white slut bitch fucks BBC.mp4,Unknown
Gartersex - son watches mommy fuck BBC.mp4,Unknown
Gartersex_FREE-FREE-FREE-FREE-cuck-wife-fuks-BBC.mp4,Unknown
Gartersex_FREE-FREE-K9-bad-dragon-XL-rex-huge-cum.mp4,Unknown
IzzyBernstein_FREE-Intro-Toy-Collection--Cum-Show.mp4,Unknown
Keri Berry - Anal Star of the Year 2017 FREE ANAL.mp4,Unknown
Keri Berry - Free Slave Leia.mp4,Unknown
Keri Berry - Funny Anal Valentine.mp4,Unknown
Keri Berry - Unicorn Triple Creampie.mp4,Unknown
Mothers Guidance  Bettie Bondage - Pornhubcom.mp4,Unknown
Perfect Pussy Toying Video - Pornhubcom.mp4,Unknown
Princess Bambie - Exhibitionist Public Masturbation - Pornhubcom.mp4,Unknown
Princess Bambie - Missing Step Daddys Cock Blowjob and Dirty Talking.mp4,Unknown
Teaching Daughter in Law how to Suck Husbands Cock - Pornhubcom.mp4,Unknown
Mercy West - Mercy is your Tiny Sister (pov) - Bing video.mp4,Unknown
Military Lesbian Stud taking Dick - Bing video.mp4,Unknown
Mind Blowing Orgasms from Lesbian Pussy Eating! - Bing video.mp4,Unknown
Mocha Puff - 720P_1500K_174586551.mp4,Unknown
Natalie.Wonder-Naughty.Slumber.mp4,Unknown
Natalie.Wonder-Pump.Mommys.mp4,Unknown
Nerdy Girl gives her Ass a Good Pounding for Creampie ending.mp4,Unknown
Nina Hartley and her Friends to Fuck. Dia Zerva - Bing video.mp4,Unknown
Oil and hitachi wand orgasm - Bing video.mp4,Unknown
Passionate Lesbians Eat Pussy and Orgasm - Live Cam Show - B.mp4,Unknown
Penthouse.Asian.Massage.Invasion.XXX.720p.WEBRip.mp4,Unknown
Petite Girl Has Pussy Eaten By Giant Bitch - Bing video.mp4,Unknown
Princess Bambie - 480P_600K_163166202.mp4,Unknown
Princess Bambie - Aw man.mp4,Unknown
Princess Bambie - Do these really need titles-.mp4,Unknown
Princess Bambie - More explanationary stuff -lol what-.mp4,Unknown
0hx1pkuM.mp4,Unknown
38xINPv.mp4,Unknown
5mDT7r5.mp4,Unknown
8435f391-b8ff-4477-b72e-99c5f81c307b  EroMe (1).mp4,Unknown
8435f391-b8ff-4477-b72e-99c5f81c307b  EroMe (2).mp4,Unknown
8435f391-b8ff-4477-b72e-99c5f81c307b  EroMe (3).mp4,Unknown
8435f391-b8ff-4477-b72e-99c5f81c307b  EroMe (4).mp4,Unknown
8435f391-b8ff-4477-b72e-99c5f81c307b  EroMe (5).mp4,Unknown
8435f391-b8ff-4477-b72e-99c5f81c307b  EroMe.mp4,Unknown
Bad bad girl  EroMe (1).mp4,Unknown
Bad bad girl  EroMe.mp4,Unknown
bLydreW2.mp4,Unknown
Cf60LhI.mp4,Unknown
CntaQwn.mp4,Unknown
cUBa3wX.mp4,Unknown
Do over Much better  EroMe (1).mp4,Unknown
Do over Much better  EroMe.mp4,Unknown
Holy fuck Amazing  EroMe (1).mp4,Unknown
Holy fuck Amazing  EroMe (2).mp4,Unknown
Holy fuck Amazing  EroMe (3).mp4,Unknown
Holy fuck Amazing  EroMe.mp4,Unknown
jFm3ONv.mp4,Unknown
Kitty makes herself cum  EroMe (1).mp4,Unknown
Kitty makes herself cum  EroMe.mp4,Unknown
Little black dress   EroMe.mp4,Unknown
Made myself cum twice I feel so much better   EroMe (1).mp4,Unknown
Made myself cum twice I feel so much better   EroMe.mp4,Unknown
My day off   EroMe (1).mp4,Unknown
My day off   EroMe (2).mp4,Unknown
My day off   EroMe (3).mp4,Unknown
My day off   EroMe.mp4,Unknown
Naughty kitten had to cum  EroMe (1).mp4,Unknown
Naughty kitten had to cum  EroMe.mp4,Unknown
nI5n9Pt.mp4,Unknown
Playing with my new toy   EroMe (1).mp4,Unknown
Playing with my new toy   EroMe.mp4,Unknown
pTtOkbO.mp4,Unknown
Riding for the first time  EroMe (1).mp4,Unknown
Riding for the first time  EroMe (2).mp4,Unknown
Riding for the first time  EroMe (3).mp4,Unknown
Riding for the first time  EroMe.mp4,Unknown
Someone was very very bad  EroMe (1).mp4,Unknown
Someone was very very bad  EroMe (2).mp4,Unknown
Someone was very very bad  EroMe.mp4,Unknown
Thinking of daddy  EroMe.mp4,Unknown
w6TpDutO_480p.mp4,Unknown
Ruth invites Cindy over and forces her to join in sex with h.mp4,Unknown
Severe punishement for slave granny Amateur - Pornhubcom.mp4,Unknown
Smaller wrestler Gabriella Paltrova never gives up against D.mp4,Unknown
Tara.Tainton-You.Just.Come.To.mp4,Unknown
Teen Bunnie Hughes Dancing Sucking and Fucking - Bing video.mp4,Unknown
Teen Bunnie Hughes Squirting - www.bunniehughes.club - Bing .mp4,Unknown
teens-gone-black-4-1080p.mp4,Unknown
Tweetney - Creamy Anal Gapes with Huge Dildo - Bing video.mp4,Unknown
Tweetney Fucking my Ass with my Big Toy - Bing video.mp4,Unknown
Uncensored Asian Nerd Deep Anal Session - Bing video.mp4,Unknown
Webcam Teen Anal Fuck - Bing video.mp4,Unknown
Xev.Bellringer.&amp;.Princess.Leia.-.Throat.mp4,Unknown
Kinky Step Mom Lets Step Son Photograph her Stripping - Pornhubcom.mp4,Unknown
Step Daughter Ageplay - Pornhubcom.mp4,Unknown
Interracial-Naugthy-Little-Teens-02.mkv,Unknown
Adrianna.Nicole-Gape.Lovers.3.w.Amber.avi,Unknown
Pet-Slave-Teens-4K.mkv,Unknown
Sad.Blue.Eyes-FaceFucking-FacialAbuse-Episode.mp4,Unknown
Tears.Of.Soy-FaceFucking-FacialAbuse-Episode.mp4,Unknown
PlakPlakXXX.mp4,Unknown
Strawberry-Blonde-Teens-1080p.mkv,Unknown
UpHerAsshole.16.03.23.Kierra.Wilde.XXX.1080p.MP4-KTR 2.mp4,UpHerAsshole
WankItNow.19.06.23.Charlie.T.Rock.Paper.Scissors.Wank.XXX.2160p.mp4,WankItNow
WatchingMyDaughterGoBlack.15.10.08.Piper.Perri.XXX.1080p.MP4-KTR 2.mp4,WatchingMyDaughterGoBlack
WatchingMyDaughterGoBlack.16.02.12.Melissa.May.XXX.1080p.MP4-KTR 2.mp4,WatchingMyDaughterGoBlack
WatchingMyDaughterGoBlack.17.07.04.Tiff.Bannister.XXX.1080p.MP4-KTR 3.mp4,WatchingMyDaughterGoBlack
WatchingMyDaughterGoBlack.18.07.20.Casey.Ballerini.XXX.1080p.mp4,WatchingMyDaughterGoBlack
WatchingMyDaughterGoBlack.18.11.24.Melody.Parker.Brandi.Love.And.Cammille.Austin.XXX.1080p.MP4-KTR-Pornfuscated.mp4,WatchingMyDaughterGoBlack
WatchingMyDaughterGoBlack.19.03.31.Aaliyah.Love.And.Natalia.Queen.XXX.XviD-iPT.avi,WatchingMyDaughterGoBlack
WatchingMyDaughterGoBlack.17.11.08.Esperanza.Del.Horno.XXX.XviD-iPT.avi,WatchingMyDaughterGoBlack
WatchingMyMomGoBlack.18.05.18.Melissa.Lynn.XXX.1080p.mp4,WatchingMyMomGoBlack
wmmgb.16.02.28.alura.jenson.and.piper.perri.mp4,WatchingMyMomGoBlack
WatchingMyMomGoBlack.18.02.17.Raven.Hart.XXX.XviD-iPT.avi,WatchingMyMomGoBlack
Alia.Janine.Watchingmymomgoblack.XXX.wmv,WatchingMyMomGoBlack
WatchingMyMomGoBlack.17.11.19.Dee.Williams.And.London.River.XXX.1080p.mp4,WatchingMyMomGoBlack
WatchingMyMomGoBlack.18.11.14.Jasmine.Jae.And.Joseline.Kelly.XXX.1080p.MP4-KTR-Pornfuscated.mp4,WatchingMyMomGoBlack
WatchingMyMomGoBlack.19.02.12.Syren.De.Mer.XXX.1080p.mp4,WatchingMyMomGoBlack
wmmgb.13.06.13.summer.rae.and.sammy.brooks.mp4,WatchingMyMomGoBlack
wmmgb.13.09.11.sheila.marie.and.alana.rains.mp4,WatchingMyMomGoBlack
wmmgb.13.12.10.simone.sonay.and.miley.mae.mp4,WatchingMyMomGoBlack
wmmgb.14.06.08.taylor.lynn.and.sofie.carter.mp4,WatchingMyMomGoBlack
wmmgb.14.12.05.desi.dalton.and.danielle.diamond.mp4,WatchingMyMomGoBlack
WatchingMyMomGoBlack.13.06.13.Summer.Rae.And.Sammy.Brooks.XXX.720p.mp4,WatchingMyMomGoBlack
WatchingMyMomGoBlack.13.06.13.Summer.Rae.And.Sammy.Brooks.XXX.720p.MP4-KTR 2.mp4,WatchingMyMomGoBlack
WatchingMyMomGoBlack.15.11.30.Sara.Jay.XXX.1080p.MP4-KTR 2.mp4,WatchYourMom
WatchYourMom.19.05.29.Sara.Jay.XXX.1080p.mp4,WatchYourMom
Whipped Ass-0000-00-00 Annie Cruz & Bobbi Starr.wmv,WhippedAss
WhippedAss.19.01.03.Riley.Nixon.And.Helena.Locke.XXX.720p.MP4-KTR-Pornfuscated.mp4,WhippedAss
WhippedAss.18.11.22.Ryan.Keely.And.Kira.Noir.XXX.720p.MP4-KTR-Pornfuscated.mp4,WhippedAss
WhippedAss.18.12.06.Mona.Wales.And.Rocky.Emerson.XXX.720p.MP4-KTR-Pornfuscated.mp4,WhippedAss
WhippedAss.18.12.20.Aaliyah.Love.Maya.Kendrick.And.Gia.Dimarco.XXX.720p.MP4-KTR-Pornfuscated.mp4,WhippedAss
WhippedAss.19.03.28.Mona.Wales.And.Pepper.Hart.XXX.XviD-iPT.avi,WhippedAss
Cherry Torn & Lindsey Cruz - Whipped Ass - whippedass 19.06.06.mp4,WhippedAss
Lydia.Black-Whipped.Ass-whippedass.19.01.mp4,WhippedAss
Ryan.Keely.&amp;.Skylar.Snow.-.Whipped.Ass.-.whippedass.19.06.mp4,WhippedAss
WhippedAss.13.01.11.Brooklyn.Lee.Lyla.Storm.And.Francesca.Le.XXX.720p.MP4-KTR 2.mp4,WhippedAss
WhippedAss.13.10.25.Felony.And.Lyla.Storm.XXX.720p.mp4,WhippedAss
WhippedAss.13.12.20.Lea.Lexis.And.Lyla.Storm.XXX.720p.mp4,WhippedAss
WhippedAss.19.01.17.Chanel.Preston.Penny.Pax.And.Kimber.Woods.XXX.720p.mp4,WhippedAss
WhippedAss.19.01.31.Aiden.Starr.And.Lydia.Black.XXX.720p.mp4,WhippedAss
WhippedAss.19.02.14.Leigh.Raven.And.Delirious.Hunter.XXX.720p.mp4,WhippedAss
WhippedAss.19.02.28.Julia.Ann.Jenna.Foxx.And.Ivy.Lebelle.XXX.720p.mp4,WhippedAss
WhippedAss.19.03.14.Ryan.Keely.And.Syren.De.Mer.XXX.720p.mp4,WhippedAss
WhippedAss.19.04.25.Sinn.Sage.And.Kacie.Castle.XXX.720p.mp4,WhippedAss
WhippedAss.19.05.09.Violet.Monroe.And.Lotus.Lain.XXX.720p.mp4,WhippedAss
WhippedAss.19.08.15.Chanel.Preston.Ella.Nova.And.Christy.Love.XXX.720p.mp4,WhippedAss
Whipped Ass-2017-10-12 Juliette March & Dahlia Sky & Mona Wales.mp4,WhippedAss
Whipped Ass-2017-10-26 Chanel Preston & Alex Harper.mp4,WhippedAss
Whipped Ass-2017-11-09 Penny Pax & Carissa Montgomery.mp4,WhippedAss
Whipped Ass-2017-11-23 Aiden Starr & Bella Rossi & Penelope Reed.mp4,WhippedAss
Whipped Ass-2018-01-04 Avi Love & Julia Ann.avi,WhippedAss
Whipped Ass-2018-01-18 Aiden Starr & Kimber Woods.avi,WhippedAss
Whipped Ass-2018-02-01 Helena Locke & Nikki Hearts & Lea Lexis.avi,WhippedAss
Whipped Ass-2018-02-15 Mona Wales & Maya Kendrick.avi,WhippedAss
Whipped Ass-2018-03-02 Bella Rossi & Violet Monroe & Emma Heart.mp4,WhippedAss
Whipped Ass-2018-03-15 Helena Locke & Nikki Darling.mp4,WhippedAss
Whipped Ass-2018-04-12 Cherry Torn & Olive Glass.mp4,WhippedAss
Whipped Ass-2018-04-26 Daisy Ducati & Lauren Phillips.mp4,WhippedAss
Whipped Ass-2018-05-10 Delirious Hunter.mp4,WhippedAss
Whipped Ass-2018-05-24 Chanel Preston & Nadya Nabakova.mp4,WhippedAss
Whipped Ass-2018-06-07 Helena Locke & Syren De Mer.mp4,WhippedAss
Whipped Ass-2018-06-21 Lily Lane & Charlotte Sartre & Miss Robin.mp4,WhippedAss
Whipped Ass-2018-07-05 Bella Rossi & Summer Day.mp4,WhippedAss
Whipped Ass-2018-07-19 Cherry Torn & Noemie Bilas.mp4,WhippedAss
Whipped Ass-2018-08-02 Kacie Castle & Skylar Snow & Mona Wales.mp4,WhippedAss
Whipped Ass-2018-08-16 Kendra Spade & Lea Lexis.mp4,WhippedAss
Whipped Ass-2018-08-30 Ryan Keely & Lydia Black.mp4,WhippedAss
Whipped Ass-2018-09-13 Aiden Starr & London River.mp4,WhippedAss
Whipped Ass-2018-09-27 Ana Foxxx & Helena Locke.mp4,WhippedAss
Whipped Ass-2018-10-11 Julia Ann & India Summer.mp4,WhippedAss
Whipped Ass-2018-10-25 Chanel Preston & Isabella Nice.mp4,WhippedAss
Whipped Ass-2018-11-08 Dresden & Cherry Torn.mp4,WhippedAss
Mona.Wales.&amp;.Ashley.Page.-.Whipped.Ass.-.whippedass.19.07.mp4,WhippedAss
Yanks.15.06.28.Mercy.Wests.Hot.Hitachi.Action.XXX.1080p.mp4,Yanks
Yanks.13.12.22.Staci.Likes.To.Be.Face.Fucked.XXX.1080p.mp4,Yanks
Yanks.13.12.25.Stacis.Knife.Cum.XXX.1080p.mp4,Yanks
Yanks.18.09.16.Joy.Cums.Quickly.And.Often.XXX.1080p.mp4,Yanks
Yanks.18.10.30.Elle.Loves.Anal.XXX.720p.mp4,Yanks
Yanks.19.06.03.Estelle.Intense.Orgasm.XXX.720p.mp4,Yanks
Yanks.19.06.28.Betty.Bathorie.Big.Orgasm.XXX.720p.mp4,Yanks
Yanks.19.07.19.Stacis.Contractions.XXX.720p.mp4,Yanks
ZebraGirls.19.02.09.Chanell.Heart.Jenna.Foxx.And.Khloe.Kapri.XXX.1080p.mp4,ZebraGirls
ZebraGirls.17.07.29.Aaliyah.Love.Mya.Mayes.And.Yara.Skye.XXX.1080p.mp4,ZebraGirls
ZeroTolerance.19.06.24.Joanna.Angel.And.Kenzie.Reeves.Lesbian.Deep.Anal.XXX.1080p.mp4,ZeroTolerance
ZeroTolerance.19.08.29.Joanna.Angel.And.Gia.Derza.Poor.Step-Daughter.Begging.For.Mercy.XXX.1080p.mp4,ZeroTolerance
