60PlusMilfs,60PlusMilfs|
AbbyWinters,AbbyWinters|
AGirlKnows,AGirlKnows|
AllGirlMassage,AllGirlMassage|
ATKExotics,ATKExotics|
ATKGalleria,ATKGalleria|
ATKGirlfriends,ATKGirlfriends|
ATKHairy,ATKHairy|
BadDaddyPOV,BadDaddyPOV|
BadMilfs,BadMilfs|
BCM,BCM|
BigButtsLikeItBig,BigButtsLikeItBig|
BigWetButts,BigWetButts|
Blacked,Blacked|
BlackForWife,BlackForWife|
BlackPayBack,BlackPayBack|
BlacksOnBlondes,BlacksOnBlondes|Blacksonblondes|blacksonblondes|BlacksOnBlondes
BlacksOnCougars,BlacksOnCougars|
BrazzersExxtra,BrazzersExxtra|
BrothaLovers,BrothaLovers|
BrutalSessions,brutalsessions|
ClubSandy,ClubSandy|
ClubTug,ClubTug|
Cum4K,Cum4K|
DeepThroatSirens,DeepThroatSirens|
DesperateAmateurs,DesperateAmateurs|
DeviantHardcore,DeviantHardcore|
Dogfart,Dogfart|
ElectroSluts,ElectroSluts|
EroMe,EroMe|
EverythingButt,EverythingButt|Everythingbutt
EvilAngel,EvilAngel|
EvolvedFights,EvolvedFights|
EvolvedFightsLez,EvolvedFightsLez|
Exotic4K,Exotic4K|
FacialAbuse,FacialAbuse|
FiLFExtra,filfextra|
Fitting-Room,Fitting-Room|
FuckingMachines,FuckingMachines|fum
FreakMobMedia,FreakMobMedia|
FutileStruggles,FutileStruggles|
GhettoGaggers,GhettoGaggers|ghettogaggers
GingerPatch,GingerPatch|
GirlCum,GirlCum|
GirlsGonePink,GirlsGonePink|
GirlsOutWest,GirlsOutWest|
GirlsTryAnal,GirlsTryAnal|
GloryHole,GloryHole|Gloryhole
GloryHole-Initiations, GloryHole-Initiations|
HerLimit,HerLimit|
HogTied,HogTied|
HornyDreamBabeZ,HornyDreamBabeZ|
HouseOfTaboo,HouseOfTaboo|
HunterPOV,hunterpov|
HushPass,HushPass|
HussiePass,HussiePass|
Hustler,Hustler|
IAmateursXXX,IAmateursXXX|
Ifeelmyself,Ifeelmyself|
IKnowThatGirl,IKnowThatGirl|
InfernalRestraints,InfernalRestraints|infernalrestraints|infernalRestraints
InterracialBlowbang,InterracialBlowbang|
InterracialPass,InterracialPass|Interracialpass
InterracialPickups,InterracialPickups|ip
InTheCrack,InTheCrack|
IsiahMaxwellXXX,IsiahMaxwellXXX|
KarupsHA,KarupsHA|
KatieBanks,KatieBanks|
KinkUniversity,KinkUniversity|
KinkySpa,KinkySpa|
LANewGirl,LANewGirl|
LatinaAbuse,LatinaAbuse|
LesbianX,LesbianX|
LethalHardcore,LethalHardcore|
LiseySweet,LiseySweet|
LovinglyHandmadePornography,LovinglyHandmadePornography|
Lubed,lubed|
ManoJob,ManoJob|
ManyVids,ManyVids|MA
MatureGapers,MatureGapers|
MetArtX,metartx|
MilfsLikeItBig,MilfsLikeItBig|
MommysGirl,MommysGirl|
MomPov,MomPov|
MonstersOfCock,MonstersOfCock|
MYLKED,MYLKED|
MyPervyFamily,MyPervyFamily|
Naughtyelle,Naughtyelle|
Nubiles,Nubiles|
OrgasmAbuse,OrgasmAbuse|
Paintoy,Paintoy|
PascalSubSluts,PascalSubSluts|
Penthouse,Penthouse|
Petite,Petite|
PlayboyPlus,PlayboyPlus|
PlumperPass,PlumperPass|
PornMegaLoad,PornMegaLoad|
PornstarPlatinum,PornstarPlatinum|
PrivateSociety,PrivateSociety|
PUBA,puba|
PublicDisgrace,PublicDisgrace|
PublicPickUps,PublicPickUps|
PureMature,PureMature|
Puretaboo,Puretaboo|
QueenSnake,QueenSnake|
RadicalJizzlam,RadicalJizzlam|
RealAgent,RealAgent|
RuthBlackwell,RuthBlackwell|Ruth|Blackwell
SeeMomSuck,SeeMomSuck|
SexAndSubmission,SexAndSubmission|
SexArt,SexArt|
SexMex,SexMex|
SexuallyBroken,sexuallybroken|
SpankMonster,SpankMonster|
Streaming,Streaming|
Submissived,Submissived|
SubmissiveX,submissivex|
Swallowed,Swallowed|
SwallowSalon,SwallowSalon|
SweetyX,SweetyX|
TabooPOV,TabooPOV|
TeasePOV,TeasePOV|
Teenikini,Teenikini|
TeensLoveHugeCocks,TeensLoveHugeCocks|
TheMacana,TheMacana|
TheUpperFloor,TheUpperFloor|
ThirdMovies,ThirdMovies|
Throated,Throated|
Throatfucked,Throatfucked|
Tiny4K,Tiny4K|
TopGrl,TopGrl|
TrueAmateurs,TrueAmateurs|
TrueAnal,TrueAnal|
UltimateSurrender,UltimateSurrender|us|ultimatesurrender|Ultimatesurrender
Unknown,Unknown|
UpHerAsshole,UpHerAsshole|
WankItNow,WankItNow|
WatchingMyDaughterGoBlack,WatchingMyDaughterGoBlack|wmdgb
WatchingMyMomGoBlack,WatchingMyMomGoBlack|Watchingmymomgoblack|wmmgb
WatchYourMom,watchyourmom|
WhippedAss,WhippedAss|whippedass
Yanks,Yanks|
ZebraGirls,ZebraGirls|
ZeroTolerance,ZeroTolerance|
